match_time,home_team,away_team,home_goals,away_goals,category
2024-02-23T14:06:00+09:00,サンフレッチェ広島,浦和レッズ,2,0,J1
2024-02-23T18:03:00+09:00,名古屋グランパス,鹿島アントラーズ,0,3,J1
2024-02-24T13:03:00+09:00,ジュビロ磐田,ヴィッセル神戸,0,2,J1
2024-02-24T14:03:00+09:00,藤枝ＭＹＦＣ,Ｖ・ファーレン長崎,0,0,J2
2024-02-24T14:03:00+09:00,水戸ホーリーホック,いわきＦＣ,1,0,J2
2024-02-24T14:03:00+09:00,横浜ＦＣ,レノファ山口ＦＣ,1,1,J2
2024-02-24T14:03:00+09:00,奈良クラブ,ＦＣ琉球,1,2,J3
2024-02-24T14:03:00+09:00,ＲＢ大宮アルディージャ,ヴァンラーレ八戸,4,1,J3
2024-02-24T14:04:00+09:00,アビスパ福岡,北海道コンサドーレ札幌,0,0,J1
2024-02-24T14:04:00+09:00,ギラヴァンツ北九州,ＳＣ相模原,0,1,J3
2024-02-24T14:05:00+09:00,サガン鳥栖,アルビレックス新潟,1,2,J1
2024-02-24T15:03:00+09:00,ＦＣ町田ゼルビア,ガンバ大阪,1,1,J1
2024-02-24T15:03:00+09:00,セレッソ大阪,ＦＣ東京,2,2,J1
2024-02-24T15:03:00+09:00,ＦＣ岐阜,福島ユナイテッドＦＣ,4,1,J3
2024-02-24T15:04:00+09:00,湘南ベルマーレ,川崎フロンターレ,1,2,J1
2024-02-25T12:53:00+09:00,愛媛ＦＣ,ブラウブリッツ秋田,1,0,J2
2024-02-25T13:03:00+09:00,ロアッソ熊本,清水エスパルス,1,2,J2
2024-02-25T13:04:00+09:00,ファジアーノ岡山,栃木,3,0,J2
2024-02-25T13:05:00+09:00,ジェフユナイテッド千葉,モンテディオ山形,2,3,J2
2024-02-25T13:05:00+09:00,ＦＣ今治,ガイナーレ鳥取,1,0,J3
2024-02-25T14:03:00+09:00,柏レイソル,京都サンガF.C.,1,1,J1
2024-02-25T14:03:00+09:00,ザスパ群馬,鹿児島ユナイテッドＦＣ,1,1,J2
2024-02-25T14:03:00+09:00,徳島ヴォルティス,ヴァンフォーレ甲府,1,5,J2
2024-02-25T14:03:00+09:00,テゲバジャーロ宮崎,松本山雅ＦＣ,1,2,J3
2024-02-25T14:03:00+09:00,沼津,ツエーゲン金沢,3,0,J3
2024-02-25T14:03:00+09:00,YS横浜,カターレ富山,1,1,J3
2024-02-25T14:03:00+09:00,カマタマーレ讃岐,岩手,1,1,J3
2024-02-25T14:04:00+09:00,東京ヴェルディ,横浜Ｆ・マリノス,1,2,J1
2024-02-25T14:05:00+09:00,大分トリニータ,ベガルタ仙台,1,1,J2
2024-02-25T19:03:00+09:00,ＦＣ大阪,ＡＣ長野パルセイロ,2,1,J3
2024-03-01T19:03:00+09:00,横浜Ｆ・マリノス,アビスパ福岡,0,1,J1
2024-03-01T19:04:00+09:00,川崎フロンターレ,ジュビロ磐田,4,5,J1
2024-03-02T13:03:00+09:00,ヴィッセル神戸,柏レイソル,0,1,J1
2024-03-02T13:03:00+09:00,Ｖ・ファーレン長崎,ベガルタ仙台,1,2,J2
2024-03-02T14:03:00+09:00,名古屋グランパス,ＦＣ町田ゼルビア,0,1,J1
2024-03-02T14:03:00+09:00,京都サンガF.C.,湘南ベルマーレ,1,2,J1
2024-03-02T14:03:00+09:00,ジェフユナイテッド千葉,藤枝ＭＹＦＣ,4,0,J2
2024-03-02T14:03:00+09:00,大分トリニータ,横浜ＦＣ,0,0,J2
2024-03-02T14:03:00+09:00,水戸ホーリーホック,ヴァンフォーレ甲府,1,2,J2
2024-03-02T14:03:00+09:00,清水エスパルス,愛媛ＦＣ,2,0,J2
2024-03-02T14:03:00+09:00,ＲＢ大宮アルディージャ,ＦＣ岐阜,1,0,J3
2024-03-02T14:03:00+09:00,ＳＣ相模原,ヴァンラーレ八戸,1,0,J3
2024-03-02T14:03:00+09:00,テゲバジャーロ宮崎,福島ユナイテッドＦＣ,1,2,J3
2024-03-02T14:03:00+09:00,ギラヴァンツ北九州,岩手,1,1,J3
2024-03-02T14:03:00+09:00,沼津,ガイナーレ鳥取,4,0,J3
2024-03-02T14:03:00+09:00,カマタマーレ讃岐,カターレ富山,0,0,J3
2024-03-02T14:04:00+09:00,サガン鳥栖,北海道コンサドーレ札幌,4,0,J1
2024-03-02T15:03:00+09:00,鹿島アントラーズ,セレッソ大阪,1,1,J1
2024-03-02T15:03:00+09:00,ガンバ大阪,アルビレックス新潟,1,0,J1
2024-03-02T15:04:00+09:00,ＦＣ東京,サンフレッチェ広島,1,1,J1
2024-03-02T15:10:00+09:00,鹿児島ユナイテッドＦＣ,徳島ヴォルティス,2,1,J2
2024-03-02T16:03:00+09:00,ＦＣ琉球,松本山雅ＦＣ,2,2,J3
2024-03-03T13:02:00+09:00,レノファ山口ＦＣ,ブラウブリッツ秋田,2,0,J2
2024-03-03T13:03:00+09:00,いわきＦＣ,ファジアーノ岡山,1,1,J2
2024-03-03T13:03:00+09:00,ロアッソ熊本,ザスパ群馬,1,1,J2
2024-03-03T14:03:00+09:00,栃木,モンテディオ山形,1,3,J2
2024-03-03T14:03:00+09:00,奈良クラブ,ＡＣ長野パルセイロ,1,1,J3
2024-03-03T14:03:00+09:00,YS横浜,ＦＣ大阪,0,2,J3
2024-03-03T14:04:00+09:00,ツエーゲン金沢,ＦＣ今治,1,3,J3
2024-03-03T16:04:00+09:00,浦和レッズ,東京ヴェルディ,1,1,J1
2024-03-09T14:03:00+09:00,ＦＣ町田ゼルビア,鹿島アントラーズ,1,0,J1
2024-03-09T14:03:00+09:00,ジュビロ磐田,柏レイソル,0,1,J1
2024-03-09T14:03:00+09:00,いわきＦＣ,鹿児島ユナイテッドＦＣ,3,1,J2
2024-03-09T14:03:00+09:00,ヴァンフォーレ甲府,栃木,1,2,J2
2024-03-09T14:03:00+09:00,横浜ＦＣ,モンテディオ山形,2,0,J2
2024-03-09T14:03:00+09:00,徳島ヴォルティス,ブラウブリッツ秋田,1,2,J2
2024-03-09T14:03:00+09:00,ＡＣ長野パルセイロ,ＳＣ相模原,1,1,J3
2024-03-09T14:03:00+09:00,カターレ富山,奈良クラブ,1,1,J3
2024-03-09T14:03:00+09:00,松本山雅ＦＣ,YS横浜,1,1,J3
2024-03-09T14:03:00+09:00,ツエーゲン金沢,ＦＣ大阪,2,6,J3
2024-03-09T14:05:00+09:00,アルビレックス新潟,名古屋グランパス,1,0,J1
2024-03-09T15:03:00+09:00,サンフレッチェ広島,サガン鳥栖,4,0,J1
2024-03-09T15:03:00+09:00,アビスパ福岡,湘南ベルマーレ,1,1,J1
2024-03-09T16:03:00+09:00,セレッソ大阪,東京ヴェルディ,2,1,J1
2024-03-09T16:03:00+09:00,ＦＣ東京,ヴィッセル神戸,1,2,J1
2024-03-09T16:03:00+09:00,川崎フロンターレ,京都サンガF.C.,0,1,J1
2024-03-10T13:03:00+09:00,ＦＣ今治,沼津,1,0,J3
2024-03-10T13:03:00+09:00,ガイナーレ鳥取,テゲバジャーロ宮崎,1,1,J3
2024-03-10T13:04:00+09:00,ベガルタ仙台,水戸ホーリーホック,1,0,J2
2024-03-10T13:08:00+09:00,北海道コンサドーレ札幌,浦和レッズ,0,1,J1
2024-03-10T14:03:00+09:00,藤枝ＭＹＦＣ,大分トリニータ,0,1,J2
2024-03-10T14:03:00+09:00,Ｖ・ファーレン長崎,清水エスパルス,4,1,J2
2024-03-10T14:03:00+09:00,ファジアーノ岡山,レノファ山口ＦＣ,1,0,J2
2024-03-10T15:03:00+09:00,愛媛ＦＣ,ロアッソ熊本,2,3,J2
2024-03-10T15:04:00+09:00,ＦＣ岐阜,カマタマーレ讃岐,4,3,J3
2024-03-10T17:04:00+09:00,ザスパ群馬,ジェフユナイテッド千葉,1,3,J2
2024-03-16T13:03:00+09:00,アビスパ福岡,ＦＣ東京,1,3,J1
2024-03-16T13:03:00+09:00,ＦＣ大阪,ＦＣ岐阜,0,0,J3
2024-03-16T14:03:00+09:00,北海道コンサドーレ札幌,ＦＣ町田ゼルビア,1,2,J1
2024-03-16T14:03:00+09:00,清水エスパルス,大分トリニータ,2,0,J2
2024-03-16T14:03:00+09:00,藤枝ＭＹＦＣ,ファジアーノ岡山,0,1,J2
2024-03-16T14:03:00+09:00,栃木,横浜ＦＣ,1,0,J2
2024-03-16T14:03:00+09:00,水戸ホーリーホック,徳島ヴォルティス,1,2,J2
2024-03-16T14:03:00+09:00,モンテディオ山形,ヴァンフォーレ甲府,0,1,J2
2024-03-16T14:03:00+09:00,ザスパ群馬,愛媛ＦＣ,0,1,J2
2024-03-16T14:03:00+09:00,ブラウブリッツ秋田,ベガルタ仙台,0,0,J2
2024-03-16T14:03:00+09:00,ＲＢ大宮アルディージャ,奈良クラブ,2,0,J3
2024-03-16T14:03:00+09:00,沼津,ギラヴァンツ北九州,1,0,J3
2024-03-16T14:03:00+09:00,テゲバジャーロ宮崎,ツエーゲン金沢,0,2,J3
2024-03-16T14:03:00+09:00,カマタマーレ讃岐,ＡＣ長野パルセイロ,1,1,J3
2024-03-16T14:03:00+09:00,YS横浜,ＦＣ今治,0,2,J3
2024-03-16T14:04:00+09:00,ヴィッセル神戸,サンフレッチェ広島,0,0,J1
2024-03-16T15:03:00+09:00,柏レイソル,名古屋グランパス,0,2,J1
2024-03-16T15:03:00+09:00,ガンバ大阪,ジュビロ磐田,2,1,J1
2024-03-16T15:03:00+09:00,鹿児島ユナイテッドＦＣ,ジェフユナイテッド千葉,4,2,J2
2024-03-16T15:05:00+09:00,サガン鳥栖,セレッソ大阪,0,2,J1
2024-03-16T16:03:00+09:00,東京ヴェルディ,アルビレックス新潟,2,2,J1
2024-03-17T13:03:00+09:00,ロアッソ熊本,いわきＦＣ,0,6,J2
2024-03-17T13:03:00+09:00,ヴァンラーレ八戸,カターレ富山,2,0,J3
2024-03-17T13:18:00+09:00,レノファ山口ＦＣ,Ｖ・ファーレン長崎,0,1,J2
2024-03-17T14:03:00+09:00,京都サンガF.C.,横浜Ｆ・マリノス,2,3,J1
2024-03-17T14:03:00+09:00,岩手,ガイナーレ鳥取,1,3,J3
2024-03-17T14:03:00+09:00,福島ユナイテッドＦＣ,松本山雅ＦＣ,1,0,J3
2024-03-17T14:03:00+09:00,ＳＣ相模原,ＦＣ琉球,0,0,J3
2024-03-17T15:03:00+09:00,湘南ベルマーレ,浦和レッズ,4,4,J1
2024-03-17T15:03:00+09:00,鹿島アントラーズ,川崎フロンターレ,2,1,J1
2024-03-20T13:03:00+09:00,ＦＣ今治,ＦＣ岐阜,0,2,J3
2024-03-20T13:03:00+09:00,ガイナーレ鳥取,カマタマーレ讃岐,1,1,J3
2024-03-20T14:03:00+09:00,横浜ＦＣ,ザスパ群馬,1,0,J2
2024-03-20T14:03:00+09:00,大分トリニータ,鹿児島ユナイテッドＦＣ,3,0,J2
2024-03-20T14:03:00+09:00,ブラウブリッツ秋田,栃木,3,0,J2
2024-03-20T14:03:00+09:00,ジェフユナイテッド千葉,清水エスパルス,1,3,J2
2024-03-20T14:03:00+09:00,ベガルタ仙台,ロアッソ熊本,0,0,J2
2024-03-20T14:03:00+09:00,ヴァンフォーレ甲府,いわきＦＣ,1,1,J2
2024-03-20T14:03:00+09:00,モンテディオ山形,藤枝ＭＹＦＣ,0,1,J2
2024-03-20T14:03:00+09:00,ファジアーノ岡山,水戸ホーリーホック,1,0,J2
2024-03-20T14:03:00+09:00,松本山雅ＦＣ,岩手,1,0,J3
2024-03-20T14:03:00+09:00,カターレ富山,ツエーゲン金沢,1,0,J3
2024-03-20T14:03:00+09:00,ギラヴァンツ北九州,ＦＣ大阪,0,0,J3
2024-03-20T14:03:00+09:00,奈良クラブ,ヴァンラーレ八戸,1,0,J3
2024-03-20T14:03:00+09:00,テゲバジャーロ宮崎,沼津,1,1,J3
2024-03-20T14:03:00+09:00,ＡＣ長野パルセイロ,福島ユナイテッドＦＣ,2,1,J3
2024-03-20T15:03:00+09:00,愛媛ＦＣ,Ｖ・ファーレン長崎,1,2,J2
2024-03-20T15:03:00+09:00,ＦＣ琉球,YS横浜,2,1,J3
2024-03-20T15:54:00+09:00,徳島ヴォルティス,レノファ山口ＦＣ,1,2,J2
2024-03-20T18:03:00+09:00,ＳＣ相模原,ＲＢ大宮アルディージャ,1,1,J3
2024-03-23T13:04:00+09:00,ＦＣ大阪,松本山雅ＦＣ,0,0,J3
2024-03-23T14:03:00+09:00,ＲＢ大宮アルディージャ,テゲバジャーロ宮崎,3,1,J3
2024-03-24T13:03:00+09:00,ヴァンラーレ八戸,ＡＣ長野パルセイロ,1,1,J3
2024-03-24T13:03:00+09:00,ＦＣ今治,ギラヴァンツ北九州,0,1,J3
2024-03-24T14:03:00+09:00,レノファ山口ＦＣ,愛媛ＦＣ,1,1,J2
2024-03-24T14:03:00+09:00,鹿児島ユナイテッドＦＣ,横浜ＦＣ,0,4,J2
2024-03-24T14:03:00+09:00,いわきＦＣ,モンテディオ山形,0,0,J2
2024-03-24T14:03:00+09:00,栃木,大分トリニータ,2,1,J2
2024-03-24T14:03:00+09:00,藤枝ＭＹＦＣ,ロアッソ熊本,2,1,J2
2024-03-24T14:03:00+09:00,Ｖ・ファーレン長崎,ヴァンフォーレ甲府,1,1,J2
2024-03-24T14:03:00+09:00,水戸ホーリーホック,ジェフユナイテッド千葉,0,0,J2
2024-03-24T14:03:00+09:00,清水エスパルス,ブラウブリッツ秋田,1,0,J2
2024-03-24T14:03:00+09:00,ベガルタ仙台,徳島ヴォルティス,0,0,J2
2024-03-24T14:03:00+09:00,沼津,ＦＣ琉球,2,1,J3
2024-03-24T14:03:00+09:00,福島ユナイテッドＦＣ,カターレ富山,0,0,J3
2024-03-24T14:03:00+09:00,YS横浜,ガイナーレ鳥取,1,1,J3
2024-03-24T14:03:00+09:00,カマタマーレ讃岐,奈良クラブ,1,1,J3
2024-03-24T14:04:00+09:00,ツエーゲン金沢,ＳＣ相模原,1,0,J3
2024-03-24T15:03:00+09:00,ＦＣ岐阜,岩手,3,1,J3
2024-03-24T17:03:00+09:00,ザスパ群馬,ファジアーノ岡山,1,2,J2
2024-03-29T19:03:00+09:00,東京ヴェルディ,京都サンガF.C.,2,2,J1
2024-03-30T13:03:00+09:00,サンフレッチェ広島,ガンバ大阪,1,1,J1
2024-03-30T13:03:00+09:00,ヴァンフォーレ甲府,レノファ山口ＦＣ,0,2,J2
2024-03-30T13:03:00+09:00,ＦＣ大阪,ＦＣ今治,0,0,J3
2024-03-30T13:03:00+09:00,ＳＣ相模原,カマタマーレ讃岐,2,1,J3
2024-03-30T14:03:00+09:00,アルビレックス新潟,柏レイソル,1,1,J1
2024-03-30T14:03:00+09:00,ヴィッセル神戸,北海道コンサドーレ札幌,6,1,J1
2024-03-30T14:03:00+09:00,横浜ＦＣ,ベガルタ仙台,1,2,J2
2024-03-30T14:03:00+09:00,大分トリニータ,ファジアーノ岡山,0,0,J2
2024-03-30T14:03:00+09:00,ブラウブリッツ秋田,いわきＦＣ,1,0,J2
2024-03-30T14:03:00+09:00,徳島ヴォルティス,ザスパ群馬,0,1,J2
2024-03-30T14:03:00+09:00,水戸ホーリーホック,鹿児島ユナイテッドＦＣ,0,0,J2
2024-03-30T14:03:00+09:00,モンテディオ山形,清水エスパルス,2,0,J2
2024-03-30T14:03:00+09:00,ＡＣ長野パルセイロ,沼津,3,1,J3
2024-03-30T15:03:00+09:00,ＦＣ町田ゼルビア,サガン鳥栖,3,1,J1
2024-03-30T15:03:00+09:00,鹿島アントラーズ,ジュビロ磐田,1,0,J1
2024-03-30T15:03:00+09:00,浦和レッズ,アビスパ福岡,2,1,J1
2024-03-30T15:03:00+09:00,川崎フロンターレ,ＦＣ東京,3,0,J1
2024-03-30T15:03:00+09:00,ロアッソ熊本,ジェフユナイテッド千葉,1,0,J2
2024-03-30T16:03:00+09:00,セレッソ大阪,湘南ベルマーレ,2,0,J1
2024-03-30T16:03:00+09:00,名古屋グランパス,横浜Ｆ・マリノス,2,1,J1
2024-03-30T16:03:00+09:00,愛媛ＦＣ,藤枝ＭＹＦＣ,3,0,J2
2024-03-30T16:03:00+09:00,ＦＣ琉球,カターレ富山,3,1,J3
2024-03-30T18:03:00+09:00,栃木,Ｖ・ファーレン長崎,1,1,J2
2024-03-31T13:03:00+09:00,ガイナーレ鳥取,ヴァンラーレ八戸,0,0,J3
2024-03-31T14:03:00+09:00,岩手,テゲバジャーロ宮崎,1,0,J3
2024-03-31T14:03:00+09:00,福島ユナイテッドＦＣ,YS横浜,0,1,J3
2024-03-31T14:03:00+09:00,松本山雅ＦＣ,ＦＣ岐阜,1,2,J3
2024-03-31T14:03:00+09:00,奈良クラブ,ツエーゲン金沢,3,3,J3
2024-03-31T14:03:00+09:00,ギラヴァンツ北九州,ＲＢ大宮アルディージャ,1,1,J3
2024-04-03T19:03:00+09:00,ＦＣ町田ゼルビア,サンフレッチェ広島,1,2,J1
2024-04-03T19:03:00+09:00,ガンバ大阪,京都サンガF.C.,0,0,J1
2024-04-03T19:03:00+09:00,柏レイソル,セレッソ大阪,1,1,J1
2024-04-03T19:03:00+09:00,湘南ベルマーレ,東京ヴェルディ,1,2,J1
2024-04-03T19:03:00+09:00,ジュビロ磐田,アルビレックス新潟,2,0,J1
2024-04-03T19:03:00+09:00,アビスパ福岡,鹿島アントラーズ,1,0,J1
2024-04-03T19:03:00+09:00,横浜Ｆ・マリノス,川崎フロンターレ,0,0,J1
2024-04-03T19:03:00+09:00,レノファ山口ＦＣ,ロアッソ熊本,1,2,J2
2024-04-03T19:03:00+09:00,鹿児島ユナイテッドＦＣ,ヴァンフォーレ甲府,0,1,J2
2024-04-03T19:03:00+09:00,ザスパ群馬,大分トリニータ,0,2,J2
2024-04-03T19:03:00+09:00,清水エスパルス,徳島ヴォルティス,1,1,J2
2024-04-03T19:03:00+09:00,ジェフユナイテッド千葉,栃木,8,0,J2
2024-04-03T19:03:00+09:00,ブラウブリッツ秋田,水戸ホーリーホック,1,1,J2
2024-04-03T19:03:00+09:00,いわきＦＣ,藤枝ＭＹＦＣ,3,0,J2
2024-04-03T19:03:00+09:00,Ｖ・ファーレン長崎,モンテディオ山形,2,0,J2
2024-04-03T19:03:00+09:00,ベガルタ仙台,愛媛ＦＣ,1,2,J2
2024-04-03T19:04:00+09:00,サガン鳥栖,ヴィッセル神戸,0,0,J1
2024-04-03T19:04:00+09:00,ファジアーノ岡山,横浜ＦＣ,1,3,J2
2024-04-03T19:33:00+09:00,ＦＣ東京,浦和レッズ,2,1,J1
2024-04-03T19:33:00+09:00,北海道コンサドーレ札幌,名古屋グランパス,1,2,J1
2024-04-06T13:03:00+09:00,ＦＣ今治,ＡＣ長野パルセイロ,3,3,J3
2024-04-06T13:03:00+09:00,ガイナーレ鳥取,福島ユナイテッドＦＣ,1,0,J3
2024-04-06T14:03:00+09:00,北海道コンサドーレ札幌,ガンバ大阪,1,0,J1
2024-04-06T14:03:00+09:00,カターレ富山,ギラヴァンツ北九州,1,0,J3
2024-04-06T14:03:00+09:00,ＳＣ相模原,ＦＣ岐阜,1,1,J3
2024-04-06T14:03:00+09:00,ＲＢ大宮アルディージャ,ＦＣ大阪,1,0,J3
2024-04-06T14:03:00+09:00,ツエーゲン金沢,松本山雅ＦＣ,6,1,J3
2024-04-06T14:04:00+09:00,テゲバジャーロ宮崎,奈良クラブ,2,1,J3
2024-04-07T13:03:00+09:00,東京ヴェルディ,柏レイソル,1,1,J1
2024-04-07T13:03:00+09:00,ロアッソ熊本,Ｖ・ファーレン長崎,3,4,J2
2024-04-07T14:03:00+09:00,京都サンガF.C.,ジュビロ磐田,0,3,J1
2024-04-07T14:03:00+09:00,アルビレックス新潟,セレッソ大阪,0,1,J1
2024-04-07T14:03:00+09:00,サンフレッチェ広島,湘南ベルマーレ,2,0,J1
2024-04-07T14:03:00+09:00,ヴィッセル神戸,横浜Ｆ・マリノス,1,2,J1
2024-04-07T14:03:00+09:00,ヴァンフォーレ甲府,清水エスパルス,0,1,J2
2024-04-07T14:03:00+09:00,横浜ＦＣ,いわきＦＣ,2,2,J2
2024-04-07T14:03:00+09:00,大分トリニータ,ブラウブリッツ秋田,1,3,J2
2024-04-07T14:03:00+09:00,栃木,レノファ山口ＦＣ,0,0,J2
2024-04-07T14:03:00+09:00,藤枝ＭＹＦＣ,ベガルタ仙台,1,1,J2
2024-04-07T14:03:00+09:00,モンテディオ山形,鹿児島ユナイテッドＦＣ,2,0,J2
2024-04-07T14:03:00+09:00,ザスパ群馬,水戸ホーリーホック,0,0,J2
2024-04-07T14:03:00+09:00,カマタマーレ讃岐,YS横浜,0,2,J3
2024-04-07T14:03:00+09:00,ヴァンラーレ八戸,ＦＣ琉球,1,1,J3
2024-04-07T14:04:00+09:00,徳島ヴォルティス,ジェフユナイテッド千葉,0,1,J2
2024-04-07T15:03:00+09:00,浦和レッズ,サガン鳥栖,3,0,J1
2024-04-07T15:03:00+09:00,名古屋グランパス,アビスパ福岡,0,0,J1
2024-04-07T15:03:00+09:00,川崎フロンターレ,ＦＣ町田ゼルビア,0,1,J1
2024-04-07T15:03:00+09:00,愛媛ＦＣ,ファジアーノ岡山,2,2,J2
2024-04-07T17:04:00+09:00,ＦＣ東京,鹿島アントラーズ,2,0,J1
2024-04-10T18:03:00+09:00,岩手,奈良クラブ,2,1,J3
2024-04-10T19:03:00+09:00,横浜Ｆ・マリノス,ガンバ大阪,2,0,J1
2024-04-10T19:03:00+09:00,福島ユナイテッドＦＣ,ツエーゲン金沢,2,2,J3
2024-04-10T19:03:00+09:00,沼津,ＳＣ相模原,2,1,J3
2024-04-10T19:03:00+09:00,テゲバジャーロ宮崎,ＦＣ今治,1,2,J3
2024-04-10T19:03:00+09:00,ＡＣ長野パルセイロ,ガイナーレ鳥取,0,2,J3
2024-04-10T19:03:00+09:00,ＦＣ大阪,ヴァンラーレ八戸,2,0,J3
2024-04-10T19:03:00+09:00,YS横浜,ＲＢ大宮アルディージャ,0,1,J3
2024-04-10T19:03:00+09:00,ＦＣ岐阜,カターレ富山,1,1,J3
2024-04-10T19:03:00+09:00,ギラヴァンツ北九州,ＦＣ琉球,2,0,J3
2024-04-12T19:03:00+09:00,柏レイソル,浦和レッズ,1,0,J1
2024-04-13T14:03:00+09:00,ジュビロ磐田,名古屋グランパス,0,1,J1
2024-04-13T14:03:00+09:00,横浜Ｆ・マリノス,湘南ベルマーレ,2,2,J1
2024-04-13T14:03:00+09:00,アルビレックス新潟,北海道コンサドーレ札幌,1,1,J1
2024-04-13T14:03:00+09:00,ベガルタ仙台,モンテディオ山形,2,0,J2
2024-04-13T14:03:00+09:00,Ｖ・ファーレン長崎,徳島ヴォルティス,6,1,J2
2024-04-13T14:03:00+09:00,水戸ホーリーホック,栃木,2,2,J2
2024-04-13T14:03:00+09:00,ジェフユナイテッド千葉,大分トリニータ,1,1,J2
2024-04-13T14:03:00+09:00,ＳＣ相模原,福島ユナイテッドＦＣ,1,0,J3
2024-04-13T14:03:00+09:00,奈良クラブ,松本山雅ＦＣ,2,2,J3
2024-04-13T14:05:00+09:00,アビスパ福岡,サンフレッチェ広島,1,1,J1
2024-04-13T15:03:00+09:00,セレッソ大阪,川崎フロンターレ,1,0,J1
2024-04-13T15:03:00+09:00,鹿島アントラーズ,京都サンガF.C.,1,0,J1
2024-04-13T15:03:00+09:00,ＦＣ町田ゼルビア,ヴィッセル神戸,1,2,J1
2024-04-13T16:03:00+09:00,東京ヴェルディ,ＦＣ東京,2,2,J1
2024-04-13T16:03:00+09:00,愛媛ＦＣ,鹿児島ユナイテッドＦＣ,2,2,J2
2024-04-13T16:03:00+09:00,いわきＦＣ,清水エスパルス,2,3,J2
2024-04-14T13:03:00+09:00,ヴァンラーレ八戸,ＦＣ今治,0,1,J3
2024-04-14T14:03:00+09:00,レノファ山口ＦＣ,ザスパ群馬,4,0,J2
2024-04-14T14:03:00+09:00,横浜ＦＣ,藤枝ＭＹＦＣ,2,0,J2
2024-04-14T14:03:00+09:00,ロアッソ熊本,ヴァンフォーレ甲府,3,3,J2
2024-04-14T14:03:00+09:00,ブラウブリッツ秋田,ファジアーノ岡山,0,0,J2
2024-04-14T14:03:00+09:00,岩手,ＦＣ大阪,0,1,J3
2024-04-14T14:03:00+09:00,カターレ富山,ガイナーレ鳥取,2,0,J3
2024-04-14T14:03:00+09:00,ＲＢ大宮アルディージャ,沼津,1,1,J3
2024-04-14T14:03:00+09:00,ギラヴァンツ北九州,カマタマーレ讃岐,1,1,J3
2024-04-14T14:03:00+09:00,ツエーゲン金沢,YS横浜,3,1,J3
2024-04-14T15:03:00+09:00,ガンバ大阪,サガン鳥栖,2,1,J1
2024-04-14T15:03:00+09:00,ＦＣ岐阜,テゲバジャーロ宮崎,1,2,J3
2024-04-14T16:03:00+09:00,ＦＣ琉球,ＡＣ長野パルセイロ,4,3,J3
2024-04-20T14:03:00+09:00,京都サンガF.C.,アルビレックス新潟,0,1,J1
2024-04-20T14:03:00+09:00,北海道コンサドーレ札幌,サンフレッチェ広島,1,1,J1
2024-04-20T14:03:00+09:00,藤枝ＭＹＦＣ,徳島ヴォルティス,0,1,J2
2024-04-20T14:03:00+09:00,清水エスパルス,ベガルタ仙台,3,2,J2
2024-04-20T14:03:00+09:00,モンテディオ山形,愛媛ＦＣ,2,1,J2
2024-04-20T14:03:00+09:00,ヴァンフォーレ甲府,ザスパ群馬,4,1,J2
2024-04-20T14:03:00+09:00,ファジアーノ岡山,ロアッソ熊本,2,0,J2
2024-04-20T14:03:00+09:00,岩手,ＦＣ琉球,1,1,J3
2024-04-20T14:03:00+09:00,松本山雅ＦＣ,カマタマーレ讃岐,2,1,J3
2024-04-20T14:04:00+09:00,サガン鳥栖,鹿島アントラーズ,4,2,J1
2024-04-20T15:03:00+09:00,アビスパ福岡,ジュビロ磐田,2,2,J1
2024-04-20T15:03:00+09:00,湘南ベルマーレ,ヴィッセル神戸,0,1,J1
2024-04-20T16:03:00+09:00,川崎フロンターレ,東京ヴェルディ,0,0,J1
2024-04-20T16:03:00+09:00,浦和レッズ,ガンバ大阪,0,1,J1
2024-04-21T13:03:00+09:00,福島ユナイテッドＦＣ,ＲＢ大宮アルディージャ,1,2,J3
2024-04-21T13:03:00+09:00,ヴァンラーレ八戸,ギラヴァンツ北九州,0,0,J3
2024-04-21T14:03:00+09:00,ジェフユナイテッド千葉,ブラウブリッツ秋田,1,2,J2
2024-04-21T14:03:00+09:00,鹿児島ユナイテッドＦＣ,栃木,2,1,J2
2024-04-21T14:03:00+09:00,Ｖ・ファーレン長崎,横浜ＦＣ,1,0,J2
2024-04-21T14:03:00+09:00,大分トリニータ,いわきＦＣ,0,2,J2
2024-04-21T14:03:00+09:00,レノファ山口ＦＣ,水戸ホーリーホック,1,2,J2
2024-04-21T15:03:00+09:00,名古屋グランパス,セレッソ大阪,2,1,J1
2024-04-21T15:03:00+09:00,ＦＣ東京,ＦＣ町田ゼルビア,1,2,J1
2024-04-27T13:03:00+09:00,北海道コンサドーレ札幌,湘南ベルマーレ,3,3,J1
2024-04-27T13:03:00+09:00,ＡＣ長野パルセイロ,ギラヴァンツ北九州,3,2,J3
2024-04-27T13:03:00+09:00,ＦＣ今治,ＲＢ大宮アルディージャ,1,4,J3
2024-04-27T14:03:00+09:00,ジュビロ磐田,ＦＣ町田ゼルビア,2,0,J1
2024-04-27T14:03:00+09:00,アルビレックス新潟,ＦＣ東京,1,3,J1
2024-04-27T14:03:00+09:00,ヴィッセル神戸,京都サンガF.C.,0,1,J1
2024-04-27T14:03:00+09:00,ベガルタ仙台,ジェフユナイテッド千葉,0,2,J2
2024-04-27T14:03:00+09:00,水戸ホーリーホック,藤枝ＭＹＦＣ,2,3,J2
2024-04-27T14:03:00+09:00,ザスパ群馬,Ｖ・ファーレン長崎,1,2,J2
2024-04-27T14:03:00+09:00,YS横浜,奈良クラブ,1,1,J3
2024-04-27T14:03:00+09:00,テゲバジャーロ宮崎,ＳＣ相模原,1,1,J3
2024-04-27T14:58:00+09:00,愛媛ＦＣ,ヴァンフォーレ甲府,2,1,J2
2024-04-27T15:03:00+09:00,セレッソ大阪,横浜Ｆ・マリノス,2,2,J1
2024-04-28T13:03:00+09:00,ロアッソ熊本,大分トリニータ,1,2,J2
2024-04-28T13:03:00+09:00,ファジアーノ岡山,清水エスパルス,0,1,J2
2024-04-28T13:03:00+09:00,ガイナーレ鳥取,ＦＣ琉球,2,1,J3
2024-04-28T14:03:00+09:00,東京ヴェルディ,アビスパ福岡,0,0,J1
2024-04-28T14:03:00+09:00,サンフレッチェ広島,川崎フロンターレ,2,2,J1
2024-04-28T14:03:00+09:00,栃木,いわきＦＣ,0,1,J2
2024-04-28T14:03:00+09:00,鹿児島ユナイテッドＦＣ,レノファ山口ＦＣ,0,1,J2
2024-04-28T14:03:00+09:00,ブラウブリッツ秋田,横浜ＦＣ,0,2,J2
2024-04-28T14:03:00+09:00,徳島ヴォルティス,モンテディオ山形,2,1,J2
2024-04-28T14:03:00+09:00,松本山雅ＦＣ,カターレ富山,3,1,J3
2024-04-28T14:03:00+09:00,福島ユナイテッドＦＣ,岩手,9,0,J3
2024-04-28T14:03:00+09:00,カマタマーレ讃岐,ヴァンラーレ八戸,1,1,J3
2024-04-28T14:04:00+09:00,ツエーゲン金沢,ＦＣ岐阜,0,0,J3
2024-04-28T15:03:00+09:00,ガンバ大阪,鹿島アントラーズ,1,2,J1
2024-04-28T15:03:00+09:00,柏レイソル,サガン鳥栖,1,1,J1
2024-04-28T15:03:00+09:00,浦和レッズ,名古屋グランパス,2,1,J1
2024-04-28T15:05:00+09:00,ＦＣ大阪,沼津,2,2,J3
2024-05-03T13:03:00+09:00,ガイナーレ鳥取,ＲＢ大宮アルディージャ,0,3,J3
2024-05-03T13:13:00+09:00,徳島ヴォルティス,愛媛ＦＣ,0,0,J2
2024-05-03T14:03:00+09:00,横浜Ｆ・マリノス,ジュビロ磐田,1,1,J1
2024-05-03T14:03:00+09:00,アルビレックス新潟,サンフレッチェ広島,1,1,J1
2024-05-03T14:03:00+09:00,Ｖ・ファーレン長崎,ブラウブリッツ秋田,2,2,J2
2024-05-03T14:03:00+09:00,ヴァンフォーレ甲府,大分トリニータ,1,2,J2
2024-05-03T14:03:00+09:00,藤枝ＭＹＦＣ,ザスパ群馬,2,1,J2
2024-05-03T14:03:00+09:00,清水エスパルス,栃木,4,1,J2
2024-05-03T14:03:00+09:00,ベガルタ仙台,レノファ山口ＦＣ,2,1,J2
2024-05-03T14:03:00+09:00,ロアッソ熊本,鹿児島ユナイテッドＦＣ,2,2,J2
2024-05-03T14:03:00+09:00,横浜ＦＣ,水戸ホーリーホック,2,0,J2
2024-05-03T14:03:00+09:00,モンテディオ山形,ファジアーノ岡山,2,2,J2
2024-05-03T14:03:00+09:00,ＦＣ琉球,カマタマーレ讃岐,0,0,J3
2024-05-03T14:03:00+09:00,沼津,福島ユナイテッドＦＣ,0,1,J3
2024-05-03T14:03:00+09:00,ＳＣ相模原,ＦＣ大阪,0,0,J3
2024-05-03T14:03:00+09:00,カターレ富山,テゲバジャーロ宮崎,1,1,J3
2024-05-03T14:03:00+09:00,岩手,ツエーゲン金沢,0,2,J3
2024-05-03T14:03:00+09:00,松本山雅ＦＣ,ヴァンラーレ八戸,1,2,J3
2024-05-03T14:03:00+09:00,ギラヴァンツ北九州,YS横浜,0,1,J3
2024-05-03T14:03:00+09:00,奈良クラブ,ＦＣ今治,2,1,J3
2024-05-03T15:03:00+09:00,ＦＣ町田ゼルビア,柏レイソル,2,0,J1
2024-05-03T15:03:00+09:00,セレッソ大阪,北海道コンサドーレ札幌,1,1,J1
2024-05-03T15:03:00+09:00,鹿島アントラーズ,湘南ベルマーレ,3,1,J1
2024-05-03T15:03:00+09:00,ＦＣ東京,京都サンガF.C.,2,1,J1
2024-05-03T15:04:00+09:00,サガン鳥栖,東京ヴェルディ,0,2,J1
2024-05-03T16:03:00+09:00,アビスパ福岡,ガンバ大阪,1,0,J1
2024-05-03T16:03:00+09:00,川崎フロンターレ,浦和レッズ,3,1,J1
2024-05-03T16:03:00+09:00,ＡＣ長野パルセイロ,ＦＣ岐阜,2,1,J3
2024-05-03T16:04:00+09:00,いわきＦＣ,ジェフユナイテッド千葉,1,0,J2
2024-05-03T19:03:00+09:00,名古屋グランパス,ヴィッセル神戸,0,2,J1
2024-05-06T13:03:00+09:00,東京ヴェルディ,ジュビロ磐田,3,2,J1
2024-05-06T13:03:00+09:00,ヴィッセル神戸,アルビレックス新潟,3,2,J1
2024-05-06T13:03:00+09:00,ＦＣ大阪,ＦＣ琉球,0,1,J3
2024-05-06T13:03:00+09:00,ＦＣ今治,カターレ富山,0,2,J3
2024-05-06T13:05:00+09:00,ヴァンラーレ八戸,岩手,4,1,J3
2024-05-06T13:07:00+09:00,ガンバ大阪,セレッソ大阪,1,0,J1
2024-05-06T14:01:00+09:00,福島ユナイテッドＦＣ,奈良クラブ,2,1,J3
2024-05-06T14:03:00+09:00,北海道コンサドーレ札幌,ＦＣ東京,1,2,J1
2024-05-06T14:03:00+09:00,京都サンガF.C.,ＦＣ町田ゼルビア,0,3,J1
2024-05-06T14:03:00+09:00,アビスパ福岡,川崎フロンターレ,1,1,J1
2024-05-06T14:03:00+09:00,大分トリニータ,Ｖ・ファーレン長崎,0,0,J2
2024-05-06T14:03:00+09:00,鹿児島ユナイテッドＦＣ,ベガルタ仙台,0,1,J2
2024-05-06T14:03:00+09:00,ブラウブリッツ秋田,ヴァンフォーレ甲府,2,3,J2
2024-05-06T14:03:00+09:00,水戸ホーリーホック,ロアッソ熊本,2,0,J2
2024-05-06T14:03:00+09:00,ファジアーノ岡山,徳島ヴォルティス,1,2,J2
2024-05-06T14:03:00+09:00,栃木,藤枝ＭＹＦＣ,0,1,J2
2024-05-06T14:03:00+09:00,レノファ山口ＦＣ,モンテディオ山形,2,0,J2
2024-05-06T14:03:00+09:00,YS横浜,ＳＣ相模原,0,0,J3
2024-05-06T14:03:00+09:00,テゲバジャーロ宮崎,ＡＣ長野パルセイロ,0,1,J3
2024-05-06T14:03:00+09:00,ＲＢ大宮アルディージャ,松本山雅ＦＣ,0,2,J3
2024-05-06T14:03:00+09:00,カマタマーレ讃岐,沼津,1,0,J3
2024-05-06T14:04:00+09:00,ザスパ群馬,清水エスパルス,0,3,J2
2024-05-06T14:04:00+09:00,ツエーゲン金沢,ガイナーレ鳥取,3,3,J3
2024-05-06T15:03:00+09:00,サンフレッチェ広島,名古屋グランパス,2,3,J1
2024-05-06T15:03:00+09:00,愛媛ＦＣ,いわきＦＣ,0,0,J2
2024-05-06T16:03:00+09:00,柏レイソル,鹿島アントラーズ,1,2,J1
2024-05-06T16:04:00+09:00,湘南ベルマーレ,サガン鳥栖,2,1,J1
2024-05-06T17:03:00+09:00,浦和レッズ,横浜Ｆ・マリノス,2,1,J1
2024-05-06T19:03:00+09:00,ジェフユナイテッド千葉,横浜ＦＣ,1,0,J2
2024-05-06T19:03:00+09:00,ＦＣ岐阜,ギラヴァンツ北九州,0,1,J3
2024-05-11T14:03:00+09:00,ジュビロ磐田,サガン鳥栖,0,3,J1
2024-05-11T14:03:00+09:00,アルビレックス新潟,浦和レッズ,2,4,J1
2024-05-11T14:03:00+09:00,京都サンガF.C.,アビスパ福岡,2,3,J1
2024-05-11T14:03:00+09:00,ベガルタ仙台,ザスパ群馬,2,1,J2
2024-05-11T14:03:00+09:00,清水エスパルス,鹿児島ユナイテッドＦＣ,4,0,J2
2024-05-11T15:03:00+09:00,湘南ベルマーレ,ＦＣ町田ゼルビア,0,0,J1
2024-05-11T15:04:00+09:00,川崎フロンターレ,北海道コンサドーレ札幌,3,0,J1
2024-05-11T16:03:00+09:00,セレッソ大阪,ヴィッセル神戸,1,4,J1
2024-05-11T16:03:00+09:00,名古屋グランパス,ガンバ大阪,0,1,J1
2024-05-11T17:03:00+09:00,ＦＣ東京,柏レイソル,3,3,J1
2024-05-12T13:03:00+09:00,ロアッソ熊本,横浜ＦＣ,0,0,J2
2024-05-12T13:03:00+09:00,いわきＦＣ,レノファ山口ＦＣ,1,2,J2
2024-05-12T13:10:00+09:00,鹿島アントラーズ,東京ヴェルディ,3,3,J1
2024-05-12T14:03:00+09:00,Ｖ・ファーレン長崎,ファジアーノ岡山,0,0,J2
2024-05-12T14:03:00+09:00,徳島ヴォルティス,栃木,1,0,J2
2024-05-12T14:03:00+09:00,モンテディオ山形,水戸ホーリーホック,0,1,J2
2024-05-12T14:03:00+09:00,大分トリニータ,愛媛ＦＣ,2,2,J2
2024-05-12T14:03:00+09:00,藤枝ＭＹＦＣ,ブラウブリッツ秋田,1,0,J2
2024-05-12T16:03:00+09:00,ヴァンフォーレ甲府,ジェフユナイテッド千葉,2,2,J2
2024-05-15T19:03:00+09:00,東京ヴェルディ,ガンバ大阪,0,0,J1
2024-05-15T19:03:00+09:00,北海道コンサドーレ札幌,ジュビロ磐田,1,0,J1
2024-05-15T19:03:00+09:00,柏レイソル,湘南ベルマーレ,2,1,J1
2024-05-15T19:03:00+09:00,サンフレッチェ広島,鹿島アントラーズ,1,3,J1
2024-05-15T19:03:00+09:00,アルビレックス新潟,横浜Ｆ・マリノス,3,1,J1
2024-05-15T19:03:00+09:00,ＦＣ町田ゼルビア,セレッソ大阪,2,1,J1
2024-05-15T19:03:00+09:00,サガン鳥栖,川崎フロンターレ,5,2,J1
2024-05-15T19:03:00+09:00,ヴィッセル神戸,アビスパ福岡,1,0,J1
2024-05-15T19:03:00+09:00,名古屋グランパス,ＦＣ東京,3,1,J1
2024-05-15T19:33:00+09:00,浦和レッズ,京都サンガF.C.,3,0,J1
2024-05-18T13:03:00+09:00,ＦＣ今治,福島ユナイテッドＦＣ,1,2,J3
2024-05-18T14:03:00+09:00,ジェフユナイテッド千葉,愛媛ＦＣ,7,1,J2
2024-05-18T14:03:00+09:00,水戸ホーリーホック,大分トリニータ,1,1,J2
2024-05-18T14:03:00+09:00,ザスパ群馬,いわきＦＣ,0,1,J2
2024-05-18T14:03:00+09:00,徳島ヴォルティス,ロアッソ熊本,1,2,J2
2024-05-18T14:03:00+09:00,横浜ＦＣ,清水エスパルス,2,0,J2
2024-05-18T14:03:00+09:00,モンテディオ山形,ブラウブリッツ秋田,0,2,J2
2024-05-18T14:03:00+09:00,奈良クラブ,ＦＣ岐阜,2,1,J3
2024-05-18T14:03:00+09:00,カマタマーレ讃岐,ＲＢ大宮アルディージャ,0,2,J3
2024-05-18T14:03:00+09:00,松本山雅ＦＣ,ギラヴァンツ北九州,1,1,J3
2024-05-18T14:03:00+09:00,ＡＣ長野パルセイロ,ツエーゲン金沢,1,2,J3
2024-05-18T14:06:00+09:00,カターレ富山,ＦＣ大阪,2,0,J3
2024-05-18T15:03:00+09:00,鹿児島ユナイテッドＦＣ,Ｖ・ファーレン長崎,0,3,J2
2024-05-18T16:03:00+09:00,アビスパ福岡,セレッソ大阪,0,3,J1
2024-05-18T17:03:00+09:00,ＦＣ琉球,テゲバジャーロ宮崎,2,1,J3
2024-05-18T19:04:00+09:00,サガン鳥栖,名古屋グランパス,0,2,J1
2024-05-19T13:03:00+09:00,ガイナーレ鳥取,ＳＣ相模原,0,3,J3
2024-05-19T14:03:00+09:00,京都サンガF.C.,サンフレッチェ広島,0,5,J1
2024-05-19T14:03:00+09:00,ジュビロ磐田,浦和レッズ,1,1,J1
2024-05-19T14:03:00+09:00,ＦＣ町田ゼルビア,東京ヴェルディ,5,0,J1
2024-05-19T14:03:00+09:00,レノファ山口ＦＣ,藤枝ＭＹＦＣ,2,1,J2
2024-05-19T14:03:00+09:00,沼津,ヴァンラーレ八戸,0,0,J3
2024-05-19T14:04:00+09:00,ファジアーノ岡山,ヴァンフォーレ甲府,2,0,J2
2024-05-19T15:03:00+09:00,ガンバ大阪,川崎フロンターレ,3,1,J1
2024-05-19T15:03:00+09:00,鹿島アントラーズ,ヴィッセル神戸,1,0,J1
2024-05-19T15:03:00+09:00,ＦＣ東京,横浜Ｆ・マリノス,1,1,J1
2024-05-19T16:03:00+09:00,湘南ベルマーレ,アルビレックス新潟,2,1,J1
2024-05-19T16:03:00+09:00,柏レイソル,北海道コンサドーレ札幌,2,1,J1
2024-05-19T17:03:00+09:00,栃木,ベガルタ仙台,1,2,J2
2024-05-25T13:58:00+09:00,愛媛ＦＣ,栃木,0,0,J2
2024-05-25T14:03:00+09:00,ジュビロ磐田,湘南ベルマーレ,3,2,J1
2024-05-25T14:03:00+09:00,北海道コンサドーレ札幌,鹿島アントラーズ,0,3,J1
2024-05-25T14:03:00+09:00,Ｖ・ファーレン長崎,ジェフユナイテッド千葉,1,0,J2
2024-05-25T14:03:00+09:00,藤枝ＭＹＦＣ,鹿児島ユナイテッドＦＣ,1,1,J2
2024-05-25T16:03:00+09:00,アルビレックス新潟,アビスパ福岡,1,2,J1
2024-05-25T16:03:00+09:00,川崎フロンターレ,柏レイソル,1,1,J1
2024-05-25T16:03:00+09:00,ヴァンフォーレ甲府,横浜ＦＣ,1,2,J2
2024-05-26T14:03:00+09:00,ヴィッセル神戸,東京ヴェルディ,0,1,J1
2024-05-26T14:03:00+09:00,清水エスパルス,水戸ホーリーホック,2,1,J2
2024-05-26T14:03:00+09:00,ロアッソ熊本,モンテディオ山形,0,1,J2
2024-05-26T14:03:00+09:00,ブラウブリッツ秋田,ザスパ群馬,1,1,J2
2024-05-26T14:03:00+09:00,ベガルタ仙台,ファジアーノ岡山,1,4,J2
2024-05-26T14:03:00+09:00,いわきＦＣ,徳島ヴォルティス,1,1,J2
2024-05-26T14:03:00+09:00,大分トリニータ,レノファ山口ＦＣ,0,0,J2
2024-05-26T15:03:00+09:00,ＦＣ東京,ガンバ大阪,0,1,J1
2024-05-26T15:03:00+09:00,セレッソ大阪,サンフレッチェ広島,1,1,J1
2024-05-26T15:03:00+09:00,名古屋グランパス,京都サンガF.C.,1,1,J1
2024-05-26T16:03:00+09:00,浦和レッズ,ＦＣ町田ゼルビア,1,2,J1
2024-05-29T19:03:00+09:00,横浜Ｆ・マリノス,柏レイソル,4,0,J1
2024-05-31T19:04:00+09:00,サガン鳥栖,ＦＣ東京,0,1,J1
2024-06-01T14:03:00+09:00,サンフレッチェ広島,ジュビロ磐田,2,0,J1
2024-06-01T14:03:00+09:00,大分トリニータ,徳島ヴォルティス,1,2,J2
2024-06-01T14:03:00+09:00,藤枝ＭＹＦＣ,ヴァンフォーレ甲府,2,1,J2
2024-06-01T14:03:00+09:00,松本山雅ＦＣ,ＦＣ今治,1,2,J3
2024-06-01T14:03:00+09:00,ＲＢ大宮アルディージャ,ＡＣ長野パルセイロ,4,1,J3
2024-06-01T15:03:00+09:00,鹿島アントラーズ,横浜Ｆ・マリノス,3,2,J1
2024-06-01T15:03:00+09:00,ＦＣ町田ゼルビア,アルビレックス新潟,1,3,J1
2024-06-01T15:03:00+09:00,湘南ベルマーレ,ガンバ大阪,1,2,J1
2024-06-01T16:03:00+09:00,浦和レッズ,ヴィッセル神戸,1,1,J1
2024-06-01T18:03:00+09:00,ジェフユナイテッド千葉,ファジアーノ岡山,2,1,J2
2024-06-01T18:03:00+09:00,横浜ＦＣ,愛媛ＦＣ,2,1,J2
2024-06-01T19:04:00+09:00,京都サンガF.C.,セレッソ大阪,1,1,J1
2024-06-02T13:03:00+09:00,いわきＦＣ,ベガルタ仙台,1,2,J2
2024-06-02T13:08:00+09:00,東京ヴェルディ,北海道コンサドーレ札幌,5,3,J1
2024-06-02T14:03:00+09:00,レノファ山口ＦＣ,清水エスパルス,2,0,J2
2024-06-02T14:03:00+09:00,鹿児島ユナイテッドＦＣ,ブラウブリッツ秋田,0,0,J2
2024-06-02T14:03:00+09:00,ザスパ群馬,モンテディオ山形,0,0,J2
2024-06-02T14:03:00+09:00,水戸ホーリーホック,Ｖ・ファーレン長崎,2,3,J2
2024-06-02T14:03:00+09:00,ヴァンラーレ八戸,ツエーゲン金沢,2,2,J3
2024-06-02T14:03:00+09:00,ＳＣ相模原,岩手,2,1,J3
2024-06-02T14:03:00+09:00,YS横浜,テゲバジャーロ宮崎,0,2,J3
2024-06-02T14:03:00+09:00,ギラヴァンツ北九州,ガイナーレ鳥取,1,0,J3
2024-06-02T14:03:00+09:00,福島ユナイテッドＦＣ,カマタマーレ讃岐,0,1,J3
2024-06-02T14:03:00+09:00,沼津,カターレ富山,1,0,J3
2024-06-02T16:03:00+09:00,ＦＣ大阪,奈良クラブ,0,0,J3
2024-06-02T17:03:00+09:00,栃木,ロアッソ熊本,1,3,J2
2024-06-02T17:13:00+09:00,川崎フロンターレ,名古屋グランパス,2,1,J1
2024-06-02T19:03:00+09:00,柏レイソル,アビスパ福岡,0,2,J1
2024-06-02T19:03:00+09:00,ＦＣ岐阜,ＦＣ琉球,2,2,J3
2024-06-08T15:03:00+09:00,ブラウブリッツ秋田,ロアッソ熊本,1,1,J2
2024-06-08T18:03:00+09:00,愛媛ＦＣ,水戸ホーリーホック,1,0,J2
2024-06-08T18:03:00+09:00,徳島ヴォルティス,横浜ＦＣ,0,1,J2
2024-06-08T18:03:00+09:00,ヴァンフォーレ甲府,ベガルタ仙台,1,1,J2
2024-06-08T18:03:00+09:00,ＡＣ長野パルセイロ,YS横浜,4,0,J3
2024-06-08T18:03:00+09:00,ＦＣ琉球,ＦＣ今治,1,0,J3
2024-06-08T18:03:00+09:00,奈良クラブ,ＳＣ相模原,2,1,J3
2024-06-08T18:04:00+09:00,清水エスパルス,藤枝ＭＹＦＣ,1,0,J2
2024-06-08T19:03:00+09:00,栃木,ザスパ群馬,1,1,J2
2024-06-08T19:03:00+09:00,レノファ山口ＦＣ,ジェフユナイテッド千葉,1,2,J2
2024-06-08T19:03:00+09:00,ＦＣ岐阜,沼津,1,5,J3
2024-06-08T19:03:00+09:00,ガイナーレ鳥取,松本山雅ＦＣ,0,4,J3
2024-06-09T14:03:00+09:00,モンテディオ山形,大分トリニータ,0,0,J2
2024-06-09T14:03:00+09:00,福島ユナイテッドＦＣ,ヴァンラーレ八戸,2,0,J3
2024-06-09T14:03:00+09:00,カマタマーレ讃岐,ＦＣ大阪,0,1,J3
2024-06-09T14:03:00+09:00,ツエーゲン金沢,ＲＢ大宮アルディージャ,0,1,J3
2024-06-09T19:03:00+09:00,ファジアーノ岡山,鹿児島ユナイテッドＦＣ,1,1,J2
2024-06-09T19:03:00+09:00,テゲバジャーロ宮崎,ギラヴァンツ北九州,1,1,J3
2024-06-15T15:03:00+09:00,ＦＣ大阪,ガイナーレ鳥取,2,1,J3
2024-06-15T16:03:00+09:00,横浜Ｆ・マリノス,ＦＣ町田ゼルビア,1,3,J1
2024-06-15T18:03:00+09:00,藤枝ＭＹＦＣ,横浜ＦＣ,1,3,J2
2024-06-15T18:03:00+09:00,YS横浜,ＦＣ岐阜,1,2,J3
2024-06-15T18:33:00+09:00,サンフレッチェ広島,東京ヴェルディ,4,1,J1
2024-06-15T19:03:00+09:00,セレッソ大阪,浦和レッズ,2,1,J1
2024-06-15T19:03:00+09:00,京都サンガF.C.,北海道コンサドーレ札幌,2,0,J1
2024-06-15T19:03:00+09:00,鹿児島ユナイテッドＦＣ,モンテディオ山形,2,1,J2
2024-06-16T13:03:00+09:00,ヴァンラーレ八戸,テゲバジャーロ宮崎,0,0,J3
2024-06-16T13:03:00+09:00,松本山雅ＦＣ,沼津,4,0,J3
2024-06-16T14:03:00+09:00,カマタマーレ讃岐,ツエーゲン金沢,0,1,J3
2024-06-16T14:03:00+09:00,ギラヴァンツ北九州,奈良クラブ,2,1,J3
2024-06-16T14:04:00+09:00,ヴィッセル神戸,川崎フロンターレ,1,0,J1
2024-06-16T14:08:00+09:00,カターレ富山,ＲＢ大宮アルディージャ,1,1,J3
2024-06-16T15:33:00+09:00,アビスパ福岡,サガン鳥栖,2,0,J1
2024-06-16T16:03:00+09:00,いわきＦＣ,ヴァンフォーレ甲府,1,1,J2
2024-06-16T17:03:00+09:00,水戸ホーリーホック,ブラウブリッツ秋田,1,0,J2
2024-06-16T18:03:00+09:00,ガンバ大阪,柏レイソル,2,1,J1
2024-06-16T18:03:00+09:00,ＦＣ東京,ジュビロ磐田,1,1,J1
2024-06-16T18:03:00+09:00,鹿島アントラーズ,アルビレックス新潟,1,1,J1
2024-06-16T18:03:00+09:00,大分トリニータ,栃木,0,2,J2
2024-06-16T18:03:00+09:00,ベガルタ仙台,Ｖ・ファーレン長崎,2,2,J2
2024-06-16T18:03:00+09:00,愛媛ＦＣ,清水エスパルス,3,0,J2
2024-06-16T18:03:00+09:00,ロアッソ熊本,ファジアーノ岡山,0,1,J2
2024-06-16T18:03:00+09:00,岩手,ＡＣ長野パルセイロ,3,2,J3
2024-06-16T18:03:00+09:00,ＦＣ今治,ＳＣ相模原,2,1,J3
2024-06-16T18:33:00+09:00,ザスパ群馬,レノファ山口ＦＣ,0,1,J2
2024-06-16T18:48:00+09:00,名古屋グランパス,湘南ベルマーレ,1,1,J1
2024-06-16T19:03:00+09:00,ジェフユナイテッド千葉,徳島ヴォルティス,1,0,J2
2024-06-16T19:03:00+09:00,ＦＣ琉球,福島ユナイテッドＦＣ,1,2,J3
2024-06-19T19:03:00+09:00,横浜Ｆ・マリノス,サンフレッチェ広島,3,2,J1
2024-06-22T15:03:00+09:00,ＦＣ町田ゼルビア,アビスパ福岡,0,0,J1
2024-06-22T17:05:00+09:00,モンテディオ山形,ベガルタ仙台,1,1,J2
2024-06-22T18:03:00+09:00,アルビレックス新潟,川崎フロンターレ,2,2,J1
2024-06-22T18:03:00+09:00,東京ヴェルディ,名古屋グランパス,1,0,J1
2024-06-22T18:03:00+09:00,横浜ＦＣ,ロアッソ熊本,5,0,J2
2024-06-22T18:03:00+09:00,ヴァンフォーレ甲府,愛媛ＦＣ,1,2,J2
2024-06-22T18:03:00+09:00,岩手,ＦＣ今治,0,0,J3
2024-06-22T18:03:00+09:00,ＡＣ長野パルセイロ,カターレ富山,2,3,J3
2024-06-22T18:03:00+09:00,ＳＣ相模原,松本山雅ＦＣ,3,2,J3
2024-06-22T18:33:00+09:00,ガンバ大阪,ヴィッセル神戸,2,1,J1
2024-06-22T18:33:00+09:00,ジュビロ磐田,セレッソ大阪,1,1,J1
2024-06-22T19:03:00+09:00,柏レイソル,サンフレッチェ広島,0,1,J1
2024-06-22T19:03:00+09:00,浦和レッズ,鹿島アントラーズ,2,2,J1
2024-06-22T19:03:00+09:00,湘南ベルマーレ,ＦＣ東京,0,1,J1
2024-06-22T19:03:00+09:00,Ｖ・ファーレン長崎,藤枝ＭＹＦＣ,2,0,J2
2024-06-22T19:03:00+09:00,鹿児島ユナイテッドＦＣ,大分トリニータ,3,0,J2
2024-06-22T19:03:00+09:00,栃木,ジェフユナイテッド千葉,2,1,J2
2024-06-22T19:03:00+09:00,レノファ山口ＦＣ,いわきＦＣ,0,3,J2
2024-06-22T19:03:00+09:00,ファジアーノ岡山,ザスパ群馬,1,0,J2
2024-06-22T19:03:00+09:00,ＲＢ大宮アルディージャ,ＦＣ琉球,3,2,J3
2024-06-22T19:03:00+09:00,ガイナーレ鳥取,ＦＣ岐阜,2,4,J3
2024-06-22T19:04:00+09:00,サガン鳥栖,京都サンガF.C.,3,0,J1
2024-06-22T19:04:00+09:00,テゲバジャーロ宮崎,カマタマーレ讃岐,3,3,J3
2024-06-23T14:03:00+09:00,北海道コンサドーレ札幌,横浜Ｆ・マリノス,0,1,J1
2024-06-23T14:03:00+09:00,ブラウブリッツ秋田,清水エスパルス,3,1,J2
2024-06-23T14:03:00+09:00,ヴァンラーレ八戸,YS横浜,1,0,J3
2024-06-23T14:03:00+09:00,福島ユナイテッドＦＣ,ＦＣ大阪,2,0,J3
2024-06-23T14:04:00+09:00,ツエーゲン金沢,ギラヴァンツ北九州,1,1,J3
2024-06-23T18:03:00+09:00,沼津,奈良クラブ,3,0,J3
2024-06-23T19:03:00+09:00,徳島ヴォルティス,水戸ホーリーホック,1,0,J2
2024-06-26T19:03:00+09:00,名古屋グランパス,浦和レッズ,0,1,J1
2024-06-26T19:03:00+09:00,ジュビロ磐田,東京ヴェルディ,3,0,J1
2024-06-26T19:03:00+09:00,セレッソ大阪,サガン鳥栖,1,0,J1
2024-06-26T19:03:00+09:00,ヴィッセル神戸,ＦＣ町田ゼルビア,0,0,J1
2024-06-26T19:03:00+09:00,鹿島アントラーズ,ガンバ大阪,0,0,J1
2024-06-26T19:03:00+09:00,川崎フロンターレ,湘南ベルマーレ,1,1,J1
2024-06-26T19:03:00+09:00,京都サンガF.C.,柏レイソル,2,2,J1
2024-06-26T19:03:00+09:00,アビスパ福岡,横浜Ｆ・マリノス,2,1,J1
2024-06-26T19:03:00+09:00,サンフレッチェ広島,アルビレックス新潟,1,1,J1
2024-06-26T19:03:00+09:00,ＦＣ東京,北海道コンサドーレ札幌,1,0,J1
2024-06-26T19:03:00+09:00,Ｖ・ファーレン長崎,いわきＦＣ,3,1,J2
2024-06-26T19:33:00+09:00,カターレ富山,岩手,3,0,J3
2024-06-29T14:03:00+09:00,北海道コンサドーレ札幌,アルビレックス新潟,0,1,J1
2024-06-29T16:03:00+09:00,松本山雅ＦＣ,ＡＣ長野パルセイロ,1,1,J3
2024-06-29T17:03:00+09:00,ＦＣ大阪,テゲバジャーロ宮崎,4,1,J3
2024-06-29T18:03:00+09:00,ロアッソ熊本,愛媛ＦＣ,4,0,J2
2024-06-29T18:03:00+09:00,水戸ホーリーホック,レノファ山口ＦＣ,1,1,J2
2024-06-29T18:03:00+09:00,いわきＦＣ,横浜ＦＣ,0,4,J2
2024-06-29T18:03:00+09:00,奈良クラブ,ガイナーレ鳥取,2,2,J3
2024-06-29T18:03:00+09:00,カターレ富山,ＳＣ相模原,0,0,J3
2024-06-29T18:03:00+09:00,ギラヴァンツ北九州,福島ユナイテッドＦＣ,2,1,J3
2024-06-29T19:03:00+09:00,川崎フロンターレ,サンフレッチェ広島,1,1,J1
2024-06-29T19:03:00+09:00,横浜Ｆ・マリノス,東京ヴェルディ,1,2,J1
2024-06-29T19:03:00+09:00,ベガルタ仙台,栃木,3,2,J2
2024-06-29T19:03:00+09:00,ザスパ群馬,藤枝ＭＹＦＣ,1,2,J2
2024-06-29T19:03:00+09:00,徳島ヴォルティス,Ｖ・ファーレン長崎,2,2,J2
2024-06-29T19:03:00+09:00,大分トリニータ,ヴァンフォーレ甲府,0,0,J2
2024-06-29T19:03:00+09:00,ＦＣ岐阜,ヴァンラーレ八戸,1,2,J3
2024-06-29T19:04:00+09:00,ＲＢ大宮アルディージャ,岩手,2,0,J3
2024-06-30T13:04:00+09:00,ブラウブリッツ秋田,モンテディオ山形,0,3,J2
2024-06-30T18:03:00+09:00,ガンバ大阪,ＦＣ町田ゼルビア,1,3,J1
2024-06-30T18:03:00+09:00,セレッソ大阪,名古屋グランパス,2,1,J1
2024-06-30T18:03:00+09:00,清水エスパルス,ファジアーノ岡山,3,1,J2
2024-06-30T18:03:00+09:00,ＦＣ琉球,ツエーゲン金沢,1,2,J3
2024-06-30T18:03:00+09:00,ＦＣ今治,カマタマーレ讃岐,2,1,J3
2024-06-30T18:33:00+09:00,浦和レッズ,ジュビロ磐田,3,0,J1
2024-06-30T18:34:00+09:00,ＦＣ東京,アビスパ福岡,0,1,J1
2024-06-30T19:03:00+09:00,ヴィッセル神戸,鹿島アントラーズ,3,1,J1
2024-06-30T19:03:00+09:00,湘南ベルマーレ,京都サンガF.C.,0,1,J1
2024-06-30T19:03:00+09:00,ジェフユナイテッド千葉,鹿児島ユナイテッドＦＣ,2,1,J2
2024-06-30T19:04:00+09:00,サガン鳥栖,柏レイソル,1,4,J1
2024-07-03T19:03:00+09:00,横浜Ｆ・マリノス,サガン鳥栖,0,1,J1
2024-07-05T19:03:00+09:00,サンフレッチェ広島,ヴィッセル神戸,1,3,J1
2024-07-06T18:03:00+09:00,鹿島アントラーズ,北海道コンサドーレ札幌,2,0,J1
2024-07-06T18:03:00+09:00,ＦＣ町田ゼルビア,名古屋グランパス,1,0,J1
2024-07-06T18:03:00+09:00,いわきＦＣ,大分トリニータ,0,1,J2
2024-07-06T18:03:00+09:00,横浜ＦＣ,ブラウブリッツ秋田,1,0,J2
2024-07-06T18:03:00+09:00,岩手,ＳＣ相模原,0,1,J3
2024-07-06T18:03:00+09:00,ＦＣ大阪,カターレ富山,0,0,J3
2024-07-06T18:03:00+09:00,ヴァンラーレ八戸,松本山雅ＦＣ,1,0,J3
2024-07-06T18:03:00+09:00,ツエーゲン金沢,ＡＣ長野パルセイロ,3,0,J3
2024-07-06T18:04:00+09:00,藤枝ＭＹＦＣ,水戸ホーリーホック,3,1,J2
2024-07-06T18:04:00+09:00,ヴァンフォーレ甲府,徳島ヴォルティス,1,3,J2
2024-07-06T18:05:00+09:00,沼津,ＲＢ大宮アルディージャ,3,1,J3
2024-07-06T18:33:00+09:00,ジュビロ磐田,川崎フロンターレ,2,2,J1
2024-07-06T18:33:00+09:00,アルビレックス新潟,サガン鳥栖,3,4,J1
2024-07-06T18:33:00+09:00,清水エスパルス,ジェフユナイテッド千葉,2,0,J2
2024-07-06T18:43:00+09:00,東京ヴェルディ,セレッソ大阪,1,1,J1
2024-07-06T19:03:00+09:00,ガンバ大阪,横浜Ｆ・マリノス,4,0,J1
2024-07-06T19:03:00+09:00,浦和レッズ,湘南ベルマーレ,2,3,J1
2024-07-06T19:03:00+09:00,ファジアーノ岡山,ベガルタ仙台,2,0,J2
2024-07-06T19:03:00+09:00,モンテディオ山形,栃木,1,0,J2
2024-07-06T19:03:00+09:00,レノファ山口ＦＣ,鹿児島ユナイテッドＦＣ,1,0,J2
2024-07-06T19:03:00+09:00,Ｖ・ファーレン長崎,ロアッソ熊本,2,0,J2
2024-07-06T19:03:00+09:00,ガイナーレ鳥取,ギラヴァンツ北九州,1,2,J3
2024-07-06T19:03:00+09:00,テゲバジャーロ宮崎,ＦＣ岐阜,0,1,J3
2024-07-06T19:33:00+09:00,柏レイソル,ＦＣ東京,3,2,J1
2024-07-07T15:03:00+09:00,福島ユナイテッドＦＣ,ＦＣ今治,2,3,J3
2024-07-07T18:03:00+09:00,カマタマーレ讃岐,ＦＣ琉球,0,1,J3
2024-07-07T18:03:00+09:00,奈良クラブ,YS横浜,2,2,J3
2024-07-07T19:03:00+09:00,愛媛ＦＣ,ザスパ群馬,0,4,J2
2024-07-07T19:04:00+09:00,アビスパ福岡,京都サンガF.C.,1,2,J1
2024-07-13T14:03:00+09:00,北海道コンサドーレ札幌,ヴィッセル神戸,1,1,J1
2024-07-13T18:03:00+09:00,カターレ富山,ＦＣ琉球,3,0,J3
2024-07-13T18:03:00+09:00,ヴァンラーレ八戸,ガイナーレ鳥取,1,0,J3
2024-07-13T18:03:00+09:00,ＡＣ長野パルセイロ,岩手,0,0,J3
2024-07-13T18:03:00+09:00,YS横浜,福島ユナイテッドＦＣ,2,1,J3
2024-07-13T18:03:00+09:00,ＳＣ相模原,沼津,1,0,J3
2024-07-13T19:03:00+09:00,ＦＣ東京,アルビレックス新潟,2,0,J1
2024-07-13T19:03:00+09:00,藤枝ＭＹＦＣ,愛媛ＦＣ,0,1,J2
2024-07-13T19:03:00+09:00,鹿児島ユナイテッドＦＣ,ザスパ群馬,1,1,J2
2024-07-13T19:03:00+09:00,ＦＣ岐阜,奈良クラブ,1,1,J3
2024-07-13T19:03:00+09:00,ＲＢ大宮アルディージャ,カマタマーレ讃岐,1,0,J3
2024-07-14T18:03:00+09:00,東京ヴェルディ,ＦＣ町田ゼルビア,0,1,J1
2024-07-14T18:03:00+09:00,名古屋グランパス,柏レイソル,2,1,J1
2024-07-14T18:03:00+09:00,水戸ホーリーホック,横浜ＦＣ,2,2,J2
2024-07-14T18:03:00+09:00,ブラウブリッツ秋田,レノファ山口ＦＣ,1,0,J2
2024-07-14T18:03:00+09:00,ヴァンフォーレ甲府,Ｖ・ファーレン長崎,2,2,J2
2024-07-14T18:03:00+09:00,ギラヴァンツ北九州,テゲバジャーロ宮崎,1,0,J3
2024-07-14T18:03:00+09:00,松本山雅ＦＣ,ＦＣ大阪,2,0,J3
2024-07-14T18:33:00+09:00,サンフレッチェ広島,アビスパ福岡,1,0,J1
2024-07-14T18:33:00+09:00,京都サンガF.C.,浦和レッズ,0,0,J1
2024-07-14T19:03:00+09:00,湘南ベルマーレ,ジュビロ磐田,5,0,J1
2024-07-14T19:03:00+09:00,サガン鳥栖,ガンバ大阪,0,2,J1
2024-07-14T19:03:00+09:00,栃木,ファジアーノ岡山,1,1,J2
2024-07-14T19:03:00+09:00,ジェフユナイテッド千葉,ロアッソ熊本,0,2,J2
2024-07-14T19:03:00+09:00,大分トリニータ,清水エスパルス,0,2,J2
2024-07-14T19:03:00+09:00,徳島ヴォルティス,ベガルタ仙台,2,0,J2
2024-07-14T19:03:00+09:00,モンテディオ山形,いわきＦＣ,1,2,J2
2024-07-14T19:03:00+09:00,ＦＣ今治,ツエーゲン金沢,3,0,J3
2024-07-14T19:04:00+09:00,川崎フロンターレ,セレッソ大阪,1,1,J1
2024-07-14T19:33:00+09:00,横浜Ｆ・マリノス,鹿島アントラーズ,4,1,J1
2024-07-20T18:03:00+09:00,ＦＣ町田ゼルビア,横浜Ｆ・マリノス,1,2,J1
2024-07-20T18:03:00+09:00,ギラヴァンツ北九州,松本山雅ＦＣ,0,0,J3
2024-07-20T18:03:00+09:00,ＡＣ長野パルセイロ,ＦＣ今治,0,2,J3
2024-07-20T18:03:00+09:00,ＦＣ大阪,ＲＢ大宮アルディージャ,0,0,J3
2024-07-20T18:03:00+09:00,沼津,ＦＣ岐阜,2,1,J3
2024-07-20T18:04:00+09:00,鹿島アントラーズ,ＦＣ東京,2,1,J1
2024-07-20T18:04:00+09:00,福島ユナイテッドＦＣ,テゲバジャーロ宮崎,3,0,J3
2024-07-20T18:04:00+09:00,ツエーゲン金沢,ヴァンラーレ八戸,1,0,J3
2024-07-20T19:03:00+09:00,ガンバ大阪,湘南ベルマーレ,0,1,J1
2024-07-20T19:03:00+09:00,ジュビロ磐田,京都サンガF.C.,1,2,J1
2024-07-20T19:03:00+09:00,ヴィッセル神戸,名古屋グランパス,3,3,J1
2024-07-20T19:03:00+09:00,柏レイソル,川崎フロンターレ,2,3,J1
2024-07-20T19:03:00+09:00,浦和レッズ,北海道コンサドーレ札幌,3,4,J1
2024-07-20T19:03:00+09:00,アビスパ福岡,東京ヴェルディ,0,1,J1
2024-07-20T19:03:00+09:00,セレッソ大阪,アルビレックス新潟,1,2,J1
2024-07-20T19:03:00+09:00,ガイナーレ鳥取,YS横浜,1,1,J3
2024-07-21T18:03:00+09:00,岩手,カターレ富山,0,1,J3
2024-07-21T18:03:00+09:00,ＦＣ琉球,奈良クラブ,1,4,J3
2024-07-21T18:04:00+09:00,カマタマーレ讃岐,ＳＣ相模原,0,0,J3
2024-07-21T19:03:00+09:00,サガン鳥栖,サンフレッチェ広島,1,4,J1
2024-07-27T18:03:00+09:00,カターレ富山,ＡＣ長野パルセイロ,2,0,J3
2024-07-27T18:03:00+09:00,YS横浜,ヴァンラーレ八戸,1,1,J3
2024-07-27T18:03:00+09:00,ＦＣ大阪,カマタマーレ讃岐,1,3,J3
2024-07-27T18:03:00+09:00,奈良クラブ,沼津,2,3,J3
2024-07-27T18:04:00+09:00,ＳＣ相模原,ツエーゲン金沢,0,1,J3
2024-07-27T19:03:00+09:00,ＦＣ今治,岩手,2,1,J3
2024-07-27T19:03:00+09:00,松本山雅ＦＣ,福島ユナイテッドＦＣ,1,1,J3
2024-07-27T19:03:00+09:00,テゲバジャーロ宮崎,ＲＢ大宮アルディージャ,0,2,J3
2024-07-27T19:03:00+09:00,ＦＣ琉球,ギラヴァンツ北九州,0,1,J3
2024-07-28T19:03:00+09:00,ＦＣ岐阜,ガイナーレ鳥取,0,1,J3
2024-08-03T18:04:00+09:00,横浜ＦＣ,ジェフユナイテッド千葉,2,1,J2
2024-08-03T19:03:00+09:00,ロアッソ熊本,栃木,0,2,J2
2024-08-03T19:03:00+09:00,レノファ山口ＦＣ,大分トリニータ,2,0,J2
2024-08-03T19:03:00+09:00,Ｖ・ファーレン長崎,水戸ホーリーホック,1,2,J2
2024-08-03T19:03:00+09:00,鹿児島ユナイテッドＦＣ,藤枝ＭＹＦＣ,2,3,J2
2024-08-03T19:03:00+09:00,ザスパ群馬,ヴァンフォーレ甲府,0,1,J2
2024-08-03T19:03:00+09:00,ファジアーノ岡山,モンテディオ山形,1,1,J2
2024-08-03T19:03:00+09:00,ベガルタ仙台,清水エスパルス,2,1,J2
2024-08-03T19:03:00+09:00,愛媛ＦＣ,徳島ヴォルティス,0,1,J2
2024-08-04T18:04:00+09:00,いわきＦＣ,ブラウブリッツ秋田,2,0,J2
2024-08-07T19:03:00+09:00,セレッソ大阪,ＦＣ町田ゼルビア,0,0,J1
2024-08-07T19:03:00+09:00,東京ヴェルディ,サンフレッチェ広島,0,1,J1
2024-08-07T19:03:00+09:00,湘南ベルマーレ,アビスパ福岡,1,1,J1
2024-08-07T19:03:00+09:00,ガンバ大阪,ＦＣ東京,0,0,J1
2024-08-07T19:03:00+09:00,アルビレックス新潟,ジュビロ磐田,2,2,J1
2024-08-07T19:03:00+09:00,京都サンガF.C.,名古屋グランパス,3,2,J1
2024-08-07T19:03:00+09:00,川崎フロンターレ,ヴィッセル神戸,3,0,J1
2024-08-07T19:03:00+09:00,鹿島アントラーズ,サガン鳥栖,3,0,J1
2024-08-07T19:33:00+09:00,横浜Ｆ・マリノス,北海道コンサドーレ札幌,3,2,J1
2024-08-10T14:01:00+09:00,北海道コンサドーレ札幌,アビスパ福岡,2,2,J1
2024-08-10T18:03:00+09:00,水戸ホーリーホック,ベガルタ仙台,0,1,J2
2024-08-10T18:03:00+09:00,ヴァンフォーレ甲府,藤枝ＭＹＦＣ,3,0,J2
2024-08-10T18:03:00+09:00,いわきＦＣ,愛媛ＦＣ,2,1,J2
2024-08-10T18:03:00+09:00,横浜ＦＣ,Ｖ・ファーレン長崎,0,0,J2
2024-08-10T18:33:00+09:00,清水エスパルス,ザスパ群馬,4,0,J2
2024-08-10T19:03:00+09:00,ファジアーノ岡山,ジェフユナイテッド千葉,0,0,J2
2024-08-10T19:05:00+09:00,レノファ山口ＦＣ,栃木,4,3,J2
2024-08-11T18:03:00+09:00,ＦＣ町田ゼルビア,湘南ベルマーレ,0,1,J1
2024-08-11T18:03:00+09:00,ブラウブリッツ秋田,鹿児島ユナイテッドＦＣ,2,0,J2
2024-08-11T18:33:00+09:00,サンフレッチェ広島,セレッソ大阪,2,0,J1
2024-08-11T19:03:00+09:00,ジュビロ磐田,鹿島アントラーズ,2,1,J1
2024-08-11T19:03:00+09:00,柏レイソル,ガンバ大阪,0,0,J1
2024-08-11T19:03:00+09:00,ＦＣ東京,川崎フロンターレ,0,3,J1
2024-08-11T19:03:00+09:00,名古屋グランパス,東京ヴェルディ,1,0,J1
2024-08-11T19:03:00+09:00,モンテディオ山形,徳島ヴォルティス,1,0,J2
2024-08-11T19:03:00+09:00,大分トリニータ,ロアッソ熊本,2,1,J2
2024-08-11T19:04:00+09:00,サガン鳥栖,浦和レッズ,1,1,J1
2024-08-11T19:33:00+09:00,横浜Ｆ・マリノス,ヴィッセル神戸,1,2,J1
2024-08-12T19:03:00+09:00,アルビレックス新潟,京都サンガF.C.,2,0,J1
2024-08-16T19:34:00+09:00,北海道コンサドーレ札幌,サガン鳥栖,5,3,J1
2024-08-17T18:03:00+09:00,鹿島アントラーズ,浦和レッズ,0,0,J1
2024-08-17T18:03:00+09:00,ヴァンラーレ八戸,ＦＣ岐阜,4,1,J3
2024-08-17T18:03:00+09:00,ＡＣ長野パルセイロ,テゲバジャーロ宮崎,3,1,J3
2024-08-17T18:03:00+09:00,ギラヴァンツ北九州,カターレ富山,2,0,J3
2024-08-17T18:03:00+09:00,YS横浜,カマタマーレ讃岐,1,2,J3
2024-08-17T18:03:00+09:00,福島ユナイテッドＦＣ,ＦＣ琉球,0,1,J3
2024-08-17T18:06:00+09:00,ＦＣ町田ゼルビア,ジュビロ磐田,4,0,J1
2024-08-17T18:33:00+09:00,清水エスパルス,ヴァンフォーレ甲府,3,0,J2
2024-08-17T19:03:00+09:00,セレッソ大阪,京都サンガF.C.,3,5,J1
2024-08-17T19:03:00+09:00,ヴィッセル神戸,ガンバ大阪,2,2,J1
2024-08-17T19:03:00+09:00,湘南ベルマーレ,柏レイソル,1,2,J1
2024-08-17T19:03:00+09:00,ＦＣ東京,東京ヴェルディ,0,0,J1
2024-08-17T19:03:00+09:00,名古屋グランパス,サンフレッチェ広島,1,2,J1
2024-08-17T19:03:00+09:00,ロアッソ熊本,水戸ホーリーホック,0,1,J2
2024-08-17T19:03:00+09:00,ジェフユナイテッド千葉,いわきＦＣ,0,3,J2
2024-08-17T19:03:00+09:00,藤枝ＭＹＦＣ,レノファ山口ＦＣ,3,0,J2
2024-08-17T19:03:00+09:00,ザスパ群馬,横浜ＦＣ,1,2,J2
2024-08-17T19:03:00+09:00,栃木,ブラウブリッツ秋田,0,0,J2
2024-08-17T19:03:00+09:00,ベガルタ仙台,鹿児島ユナイテッドＦＣ,1,0,J2
2024-08-17T19:03:00+09:00,モンテディオ山形,Ｖ・ファーレン長崎,4,2,J2
2024-08-17T19:03:00+09:00,ガイナーレ鳥取,奈良クラブ,2,1,J3
2024-08-17T19:03:00+09:00,ＲＢ大宮アルディージャ,ツエーゲン金沢,2,0,J3
2024-08-17T19:03:00+09:00,ＦＣ今治,ＦＣ大阪,1,1,J3
2024-08-17T19:03:00+09:00,松本山雅ＦＣ,ＳＣ相模原,3,2,J3
2024-08-17T19:04:00+09:00,川崎フロンターレ,横浜Ｆ・マリノス,1,3,J1
2024-08-17T19:05:00+09:00,徳島ヴォルティス,ファジアーノ岡山,1,1,J2
2024-08-17T19:33:00+09:00,アビスパ福岡,アルビレックス新潟,0,1,J1
2024-08-18T19:03:00+09:00,愛媛ＦＣ,大分トリニータ,3,2,J2
2024-08-24T18:03:00+09:00,ヴァンラーレ八戸,ＳＣ相模原,2,1,J3
2024-08-24T18:03:00+09:00,沼津,ＦＣ今治,1,2,J3
2024-08-24T18:03:00+09:00,カターレ富山,松本山雅ＦＣ,3,0,J3
2024-08-24T18:04:00+09:00,奈良クラブ,ギラヴァンツ北九州,0,2,J3
2024-08-24T18:04:00+09:00,ツエーゲン金沢,ＦＣ琉球,1,2,J3
2024-08-24T18:05:00+09:00,横浜ＦＣ,徳島ヴォルティス,2,0,J2
2024-08-24T18:33:00+09:00,ガンバ大阪,アビスパ福岡,2,2,J1
2024-08-24T19:03:00+09:00,湘南ベルマーレ,名古屋グランパス,0,1,J1
2024-08-24T19:03:00+09:00,京都サンガF.C.,ＦＣ東京,3,0,J1
2024-08-24T19:03:00+09:00,横浜Ｆ・マリノス,セレッソ大阪,4,0,J1
2024-08-24T19:03:00+09:00,Ｖ・ファーレン長崎,レノファ山口ＦＣ,1,2,J2
2024-08-24T19:03:00+09:00,藤枝ＭＹＦＣ,モンテディオ山形,0,1,J2
2024-08-24T19:03:00+09:00,鹿児島ユナイテッドＦＣ,清水エスパルス,0,1,J2
2024-08-24T19:03:00+09:00,ファジアーノ岡山,大分トリニータ,0,0,J2
2024-08-24T19:03:00+09:00,テゲバジャーロ宮崎,岩手,3,0,J3
2024-08-24T19:03:00+09:00,ガイナーレ鳥取,ＦＣ大阪,2,1,J3
2024-08-25T18:03:00+09:00,水戸ホーリーホック,ザスパ群馬,2,1,J2
2024-08-25T18:03:00+09:00,ブラウブリッツ秋田,愛媛ＦＣ,0,0,J2
2024-08-25T18:03:00+09:00,いわきＦＣ,ロアッソ熊本,3,4,J2
2024-08-25T18:04:00+09:00,東京ヴェルディ,鹿島アントラーズ,2,1,J1
2024-08-25T18:33:00+09:00,サンフレッチェ広島,柏レイソル,2,0,J1
2024-08-25T19:03:00+09:00,アルビレックス新潟,ＦＣ町田ゼルビア,0,0,J1
2024-08-25T19:03:00+09:00,ヴィッセル神戸,サガン鳥栖,2,0,J1
2024-08-25T19:03:00+09:00,ジュビロ磐田,北海道コンサドーレ札幌,0,2,J1
2024-08-25T19:03:00+09:00,栃木,ヴァンフォーレ甲府,1,2,J2
2024-08-25T19:03:00+09:00,ジェフユナイテッド千葉,ベガルタ仙台,4,2,J2
2024-08-25T19:03:00+09:00,ＦＣ岐阜,YS横浜,5,1,J3
2024-08-30T19:03:00+09:00,ＦＣ大阪,ツエーゲン金沢,1,1,J3
2024-08-31T18:03:00+09:00,ＦＣ町田ゼルビア,浦和レッズ,2,2,J1
2024-08-31T18:03:00+09:00,水戸ホーリーホック,愛媛ＦＣ,3,1,J2
2024-08-31T18:03:00+09:00,ヴァンフォーレ甲府,鹿児島ユナイテッドＦＣ,1,0,J2
2024-08-31T18:03:00+09:00,ＳＣ相模原,ＡＣ長野パルセイロ,1,1,J3
2024-08-31T18:03:00+09:00,福島ユナイテッドＦＣ,ギラヴァンツ北九州,1,0,J3
2024-08-31T18:04:00+09:00,ＦＣ琉球,ガイナーレ鳥取,3,1,J3
2024-08-31T18:33:00+09:00,サンフレッチェ広島,ＦＣ東京,3,2,J1
2024-08-31T18:33:00+09:00,カターレ富山,沼津,5,1,J3
2024-08-31T19:03:00+09:00,柏レイソル,東京ヴェルディ,2,3,J1
2024-08-31T19:03:00+09:00,Ｖ・ファーレン長崎,栃木,1,1,J2
2024-08-31T19:03:00+09:00,ベガルタ仙台,いわきＦＣ,2,0,J2
2024-08-31T19:03:00+09:00,レノファ山口ＦＣ,ファジアーノ岡山,0,2,J2
2024-08-31T19:03:00+09:00,モンテディオ山形,横浜ＦＣ,1,2,J2
2024-08-31T19:03:00+09:00,ＲＢ大宮アルディージャ,YS横浜,3,0,J3
2024-08-31T19:03:00+09:00,ＦＣ岐阜,松本山雅ＦＣ,0,1,J3
2024-08-31T19:03:00+09:00,ＦＣ今治,奈良クラブ,6,0,J3
2024-08-31T19:03:00+09:00,テゲバジャーロ宮崎,ヴァンラーレ八戸,3,2,J3
2024-08-31T19:04:00+09:00,サガン鳥栖,湘南ベルマーレ,1,2,J1
2024-09-01T14:03:00+09:00,北海道コンサドーレ札幌,川崎フロンターレ,2,0,J1
2024-09-01T18:03:00+09:00,岩手,カマタマーレ讃岐,1,2,J3
2024-09-01T19:03:00+09:00,アビスパ福岡,ヴィッセル神戸,0,2,J1
2024-09-01T19:03:00+09:00,ザスパ群馬,ブラウブリッツ秋田,1,0,J2
2024-09-01T19:03:00+09:00,大分トリニータ,ジェフユナイテッド千葉,0,2,J2
2024-09-01T19:03:00+09:00,ロアッソ熊本,藤枝ＭＹＦＣ,1,2,J2
2024-09-06T13:03:00+09:00,ヴァンラーレ八戸,福島ユナイテッドＦＣ,0,1,J3
2024-09-07T18:03:00+09:00,ＳＣ相模原,テゲバジャーロ宮崎,0,1,J3
2024-09-07T18:03:00+09:00,YS横浜,ツエーゲン金沢,2,2,J3
2024-09-07T18:03:00+09:00,松本山雅ＦＣ,ＲＢ大宮アルディージャ,0,1,J3
2024-09-07T18:03:00+09:00,ギラヴァンツ北九州,ＦＣ今治,0,3,J3
2024-09-07T18:03:00+09:00,ＦＣ琉球,岩手,1,2,J3
2024-09-07T18:33:00+09:00,清水エスパルス,Ｖ・ファーレン長崎,1,1,J2
2024-09-07T19:03:00+09:00,ジェフユナイテッド千葉,水戸ホーリーホック,4,0,J2
2024-09-07T19:03:00+09:00,藤枝ＭＹＦＣ,栃木,1,0,J2
2024-09-07T19:03:00+09:00,レノファ山口ＦＣ,徳島ヴォルティス,1,2,J2
2024-09-07T19:03:00+09:00,大分トリニータ,モンテディオ山形,0,3,J2
2024-09-07T19:03:00+09:00,ザスパ群馬,ベガルタ仙台,0,0,J2
2024-09-07T19:03:00+09:00,鹿児島ユナイテッドＦＣ,いわきＦＣ,1,3,J2
2024-09-07T19:03:00+09:00,愛媛ＦＣ,横浜ＦＣ,1,4,J2
2024-09-07T19:03:00+09:00,ＡＣ長野パルセイロ,ＦＣ大阪,0,2,J3
2024-09-07T19:03:00+09:00,ガイナーレ鳥取,沼津,3,1,J3
2024-09-08T18:03:00+09:00,ファジアーノ岡山,ブラウブリッツ秋田,0,1,J2
2024-09-08T18:03:00+09:00,奈良クラブ,カターレ富山,0,0,J3
2024-09-08T18:03:00+09:00,カマタマーレ讃岐,ＦＣ岐阜,4,0,J3
2024-09-11T19:03:00+09:00,ＡＣ長野パルセイロ,ＲＢ大宮アルディージャ,0,0,J3
2024-09-13T19:03:00+09:00,川崎フロンターレ,サガン鳥栖,3,2,J1
2024-09-13T19:04:00+09:00,ヴィッセル神戸,セレッソ大阪,2,1,J1
2024-09-13T19:04:00+09:00,横浜Ｆ・マリノス,京都サンガF.C.,1,2,J1
2024-09-14T14:04:00+09:00,北海道コンサドーレ札幌,東京ヴェルディ,0,2,J1
2024-09-14T14:06:00+09:00,岩手,ヴァンラーレ八戸,1,2,J3
2024-09-14T15:05:00+09:00,ＦＣ岐阜,ＳＣ相模原,1,2,J3
2024-09-14T18:03:00+09:00,アビスパ福岡,ＦＣ町田ゼルビア,0,3,J1
2024-09-14T18:03:00+09:00,カターレ富山,YS横浜,3,2,J3
2024-09-14T18:04:00+09:00,鹿島アントラーズ,サンフレッチェ広島,2,2,J1
2024-09-14T18:05:00+09:00,ベガルタ仙台,藤枝ＭＹＦＣ,2,3,J2
2024-09-14T18:05:00+09:00,ツエーゲン金沢,カマタマーレ讃岐,1,3,J3
2024-09-14T18:33:00+09:00,清水エスパルス,レノファ山口ＦＣ,4,1,J2
2024-09-14T19:03:00+09:00,ガンバ大阪,浦和レッズ,0,1,J1
2024-09-14T19:03:00+09:00,モンテディオ山形,ザスパ群馬,4,1,J2
2024-09-14T19:04:00+09:00,柏レイソル,ジュビロ磐田,0,2,J1
2024-09-14T19:04:00+09:00,ＦＣ東京,名古屋グランパス,4,1,J1
2024-09-14T19:04:00+09:00,ファジアーノ岡山,愛媛ＦＣ,3,0,J2
2024-09-14T19:04:00+09:00,ＡＣ長野パルセイロ,奈良クラブ,1,1,J3
2024-09-14T19:05:00+09:00,アルビレックス新潟,湘南ベルマーレ,3,1,J1
2024-09-14T19:05:00+09:00,ブラウブリッツ秋田,ジェフユナイテッド千葉,1,0,J2
2024-09-14T19:05:00+09:00,ＦＣ今治,松本山雅ＦＣ,1,1,J3
2024-09-14T19:05:00+09:00,ＲＢ大宮アルディージャ,ギラヴァンツ北九州,3,0,J3
2024-09-14T19:06:00+09:00,徳島ヴォルティス,大分トリニータ,3,1,J2
2024-09-15T16:04:00+09:00,いわきＦＣ,Ｖ・ファーレン長崎,0,2,J2
2024-09-15T18:04:00+09:00,鹿児島ユナイテッドＦＣ,ロアッソ熊本,0,2,J2
2024-09-15T18:04:00+09:00,横浜ＦＣ,ヴァンフォーレ甲府,1,0,J2
2024-09-15T18:05:00+09:00,福島ユナイテッドＦＣ,ガイナーレ鳥取,2,3,J3
2024-09-15T18:05:00+09:00,沼津,ＦＣ大阪,0,1,J3
2024-09-15T19:03:00+09:00,栃木,水戸ホーリーホック,2,3,J2
2024-09-15T19:04:00+09:00,テゲバジャーロ宮崎,ＦＣ琉球,2,0,J3
2024-09-18T19:03:00+09:00,名古屋グランパス,アルビレックス新潟,3,0,J1
2024-09-18T19:03:00+09:00,徳島ヴォルティス,清水エスパルス,1,2,J2
2024-09-21T18:03:00+09:00,鹿島アントラーズ,柏レイソル,0,0,J1
2024-09-21T18:03:00+09:00,ロアッソ熊本,ブラウブリッツ秋田,3,1,J2
2024-09-21T18:03:00+09:00,愛媛ＦＣ,モンテディオ山形,1,3,J2
2024-09-21T18:03:00+09:00,横浜ＦＣ,大分トリニータ,1,1,J2
2024-09-21T18:03:00+09:00,ＳＣ相模原,ＦＣ今治,2,0,J3
2024-09-21T18:03:00+09:00,ヴァンラーレ八戸,ＲＢ大宮アルディージャ,2,3,J3
2024-09-21T18:03:00+09:00,ギラヴァンツ北九州,ＦＣ岐阜,2,0,J3
2024-09-21T18:03:00+09:00,ＦＣ琉球,沼津,1,1,J3
2024-09-21T18:04:00+09:00,ベガルタ仙台,ヴァンフォーレ甲府,2,2,J2
2024-09-21T19:03:00+09:00,ＦＣ町田ゼルビア,北海道コンサドーレ札幌,0,0,J1
2024-09-21T19:03:00+09:00,ジェフユナイテッド千葉,レノファ山口ＦＣ,4,1,J2
2024-09-21T19:03:00+09:00,ガイナーレ鳥取,ＡＣ長野パルセイロ,2,0,J3
2024-09-21T19:04:00+09:00,浦和レッズ,ＦＣ東京,0,2,J1
2024-09-21T19:05:00+09:00,ジュビロ磐田,アビスパ福岡,0,0,J1
2024-09-22T14:03:00+09:00,Ｖ・ファーレン長崎,ザスパ群馬,2,0,J2
2024-09-22T14:03:00+09:00,水戸ホーリーホック,ファジアーノ岡山,0,0,J2
2024-09-22T14:03:00+09:00,ツエーゲン金沢,カターレ富山,0,1,J3
2024-09-22T14:33:00+09:00,藤枝ＭＹＦＣ,清水エスパルス,2,3,J2
2024-09-22T15:03:00+09:00,カマタマーレ讃岐,松本山雅ＦＣ,1,4,J3
2024-09-22T16:04:00+09:00,名古屋グランパス,川崎フロンターレ,2,0,J1
2024-09-22T18:03:00+09:00,アルビレックス新潟,ヴィッセル神戸,2,3,J1
2024-09-22T18:03:00+09:00,東京ヴェルディ,サガン鳥栖,2,0,J1
2024-09-22T18:04:00+09:00,徳島ヴォルティス,いわきＦＣ,0,1,J2
2024-09-22T18:04:00+09:00,奈良クラブ,テゲバジャーロ宮崎,2,2,J3
2024-09-22T18:33:00+09:00,サンフレッチェ広島,横浜Ｆ・マリノス,6,2,J1
2024-09-22T19:03:00+09:00,京都サンガF.C.,ガンバ大阪,2,2,J1
2024-09-22T19:03:00+09:00,栃木,鹿児島ユナイテッドＦＣ,2,1,J2
2024-09-22T19:04:00+09:00,湘南ベルマーレ,セレッソ大阪,1,2,J1
2024-09-23T14:03:00+09:00,ＦＣ大阪,福島ユナイテッドＦＣ,1,2,J3
2024-09-25T19:03:00+09:00,ヴァンフォーレ甲府,ロアッソ熊本,2,4,J2
2024-09-27T19:03:00+09:00,川崎フロンターレ,アルビレックス新潟,5,1,J1
2024-09-28T13:01:00+09:00,北海道コンサドーレ札幌,京都サンガF.C.,2,0,J1
2024-09-28T14:03:00+09:00,ＲＢ大宮アルディージャ,ＳＣ相模原,4,1,J3
2024-09-28T15:03:00+09:00,ＦＣ岐阜,ツエーゲン金沢,1,0,J3
2024-09-28T16:03:00+09:00,名古屋グランパス,ジュビロ磐田,2,0,J1
2024-09-28T16:03:00+09:00,ヴァンフォーレ甲府,モンテディオ山形,1,2,J2
2024-09-28T17:03:00+09:00,ガンバ大阪,東京ヴェルディ,1,1,J1
2024-09-28T17:03:00+09:00,横浜Ｆ・マリノス,ＦＣ東京,1,3,J1
2024-09-28T18:03:00+09:00,セレッソ大阪,柏レイソル,0,0,J1
2024-09-28T18:03:00+09:00,清水エスパルス,横浜ＦＣ,1,1,J2
2024-09-28T18:03:00+09:00,鹿児島ユナイテッドＦＣ,水戸ホーリーホック,3,0,J2
2024-09-28T18:03:00+09:00,ＦＣ琉球,ＦＣ大阪,1,1,J3
2024-09-28T18:04:00+09:00,ＦＣ今治,ヴァンラーレ八戸,3,1,J3
2024-09-28T19:03:00+09:00,湘南ベルマーレ,鹿島アントラーズ,3,2,J1
2024-09-28T19:03:00+09:00,サンフレッチェ広島,ＦＣ町田ゼルビア,2,0,J1
2024-09-28T19:03:00+09:00,ヴィッセル神戸,浦和レッズ,1,0,J1
2024-09-28T19:03:00+09:00,大分トリニータ,藤枝ＭＹＦＣ,2,0,J2
2024-09-28T19:04:00+09:00,サガン鳥栖,アビスパ福岡,0,0,J1
2024-09-29T13:03:00+09:00,福島ユナイテッドＦＣ,ＡＣ長野パルセイロ,0,0,J3
2024-09-29T14:03:00+09:00,ファジアーノ岡山,Ｖ・ファーレン長崎,1,0,J2
2024-09-29T14:03:00+09:00,ブラウブリッツ秋田,徳島ヴォルティス,2,0,J2
2024-09-29T14:03:00+09:00,レノファ山口ＦＣ,ベガルタ仙台,0,1,J2
2024-09-29T14:03:00+09:00,岩手,ギラヴァンツ北九州,3,1,J3
2024-09-29T14:03:00+09:00,松本山雅ＦＣ,奈良クラブ,1,1,J3
2024-09-29T14:08:00+09:00,カターレ富山,カマタマーレ讃岐,2,2,J3
2024-09-29T15:33:00+09:00,いわきＦＣ,栃木,0,0,J2
2024-09-29T18:03:00+09:00,ザスパ群馬,ロアッソ熊本,2,3,J2
2024-09-29T18:03:00+09:00,愛媛ＦＣ,ジェフユナイテッド千葉,1,2,J2
2024-09-29T18:04:00+09:00,テゲバジャーロ宮崎,ガイナーレ鳥取,2,0,J3
2024-10-02T19:03:00+09:00,セレッソ大阪,ガンバ大阪,1,0,J1
2024-10-02T19:03:00+09:00,カマタマーレ讃岐,福島ユナイテッドＦＣ,4,1,J3
2024-10-04T19:03:00+09:00,ＦＣ大阪,岩手,1,0,J3
2024-10-04T19:04:00+09:00,アビスパ福岡,名古屋グランパス,1,0,J1
2024-10-05T14:03:00+09:00,アルビレックス新潟,鹿島アントラーズ,0,4,J1
2024-10-05T14:03:00+09:00,ヴァンフォーレ甲府,ファジアーノ岡山,3,1,J2
2024-10-05T14:03:00+09:00,ジェフユナイテッド千葉,ザスパ群馬,1,0,J2
2024-10-05T14:03:00+09:00,YS横浜,ＦＣ琉球,2,0,J3
2024-10-05T14:03:00+09:00,奈良クラブ,ＲＢ大宮アルディージャ,0,0,J3
2024-10-05T15:03:00+09:00,ＦＣ東京,サガン鳥栖,1,1,J1
2024-10-05T15:03:00+09:00,ＦＣ町田ゼルビア,川崎フロンターレ,1,4,J1
2024-10-05T16:03:00+09:00,柏レイソル,横浜Ｆ・マリノス,1,0,J1
2024-10-05T16:03:00+09:00,浦和レッズ,セレッソ大阪,0,1,J1
2024-10-05T16:33:00+09:00,ＡＣ長野パルセイロ,松本山雅ＦＣ,1,1,J3
2024-10-05T17:03:00+09:00,藤枝ＭＹＦＣ,いわきＦＣ,1,1,J2
2024-10-05T17:33:00+09:00,ガンバ大阪,北海道コンサドーレ札幌,2,1,J1
2024-10-06T12:57:00+09:00,カターレ富山,ＦＣ今治,0,0,J3
2024-10-06T13:03:00+09:00,ヴァンラーレ八戸,沼津,1,0,J3
2024-10-06T13:04:00+09:00,福島ユナイテッドＦＣ,ＦＣ岐阜,4,3,J3
2024-10-06T14:03:00+09:00,京都サンガF.C.,ヴィッセル神戸,2,3,J1
2024-10-06T14:03:00+09:00,横浜ＦＣ,鹿児島ユナイテッドＦＣ,1,0,J2
2024-10-06T14:03:00+09:00,水戸ホーリーホック,清水エスパルス,2,2,J2
2024-10-06T14:03:00+09:00,栃木,愛媛ＦＣ,1,1,J2
2024-10-06T14:03:00+09:00,モンテディオ山形,レノファ山口ＦＣ,2,0,J2
2024-10-06T14:03:00+09:00,Ｖ・ファーレン長崎,大分トリニータ,4,1,J2
2024-10-06T14:03:00+09:00,ＳＣ相模原,ギラヴァンツ北九州,0,3,J3
2024-10-06T14:03:00+09:00,カマタマーレ讃岐,ガイナーレ鳥取,0,1,J3
2024-10-06T14:04:00+09:00,ロアッソ熊本,徳島ヴォルティス,1,2,J2
2024-10-06T14:05:00+09:00,ツエーゲン金沢,テゲバジャーロ宮崎,1,1,J3
2024-10-06T15:03:00+09:00,ベガルタ仙台,ブラウブリッツ秋田,0,1,J2
2024-10-06T16:03:00+09:00,ジュビロ磐田,サンフレッチェ広島,1,2,J1
2024-10-06T16:03:00+09:00,東京ヴェルディ,湘南ベルマーレ,0,2,J1
2024-10-11T19:03:00+09:00,ＦＣ岐阜,ＡＣ長野パルセイロ,2,1,J3
2024-10-12T12:58:00+09:00,ＦＣ今治,YS横浜,3,1,J3
2024-10-12T13:03:00+09:00,ギラヴァンツ北九州,ヴァンラーレ八戸,0,3,J3
2024-10-12T16:03:00+09:00,テゲバジャーロ宮崎,カターレ富山,1,1,J3
2024-10-12T17:03:00+09:00,ＦＣ琉球,ＳＣ相模原,2,1,J3
2024-10-13T13:03:00+09:00,松本山雅ＦＣ,ツエーゲン金沢,1,1,J3
2024-10-13T13:03:00+09:00,ガイナーレ鳥取,岩手,2,1,J3
2024-10-13T14:03:00+09:00,ＲＢ大宮アルディージャ,福島ユナイテッドＦＣ,3,2,J3
2024-10-13T14:03:00+09:00,奈良クラブ,ＦＣ大阪,0,1,J3
2024-10-13T14:03:00+09:00,沼津,カマタマーレ讃岐,1,2,J3
2024-10-18T19:03:00+09:00,ヴィッセル神戸,ＦＣ東京,0,2,J1
2024-10-18T19:05:00+09:00,川崎フロンターレ,ガンバ大阪,1,1,J1
2024-10-18T19:33:00+09:00,横浜Ｆ・マリノス,アルビレックス新潟,0,0,J1
2024-10-19T13:04:00+09:00,ＦＣ大阪,ギラヴァンツ北九州,3,2,J3
2024-10-19T13:58:00+09:00,鹿児島ユナイテッドＦＣ,愛媛ＦＣ,4,0,J2
2024-10-19T14:03:00+09:00,柏レイソル,ＦＣ町田ゼルビア,1,1,J1
2024-10-19T14:03:00+09:00,鹿島アントラーズ,アビスパ福岡,0,0,J1
2024-10-19T14:03:00+09:00,名古屋グランパス,北海道コンサドーレ札幌,0,2,J1
2024-10-19T14:03:00+09:00,京都サンガF.C.,サガン鳥栖,2,0,J1
2024-10-19T14:03:00+09:00,ジェフユナイテッド千葉,ヴァンフォーレ甲府,2,1,J2
2024-10-19T14:03:00+09:00,ＲＢ大宮アルディージャ,ＦＣ今治,1,1,J3
2024-10-19T14:04:00+09:00,ベガルタ仙台,横浜ＦＣ,3,0,J2
2024-10-19T15:03:00+09:00,湘南ベルマーレ,サンフレッチェ広島,2,1,J1
2024-10-19T15:03:00+09:00,セレッソ大阪,ジュビロ磐田,1,2,J1
2024-10-19T15:03:00+09:00,ＡＣ長野パルセイロ,ＦＣ琉球,1,1,J3
2024-10-19T17:03:00+09:00,東京ヴェルディ,浦和レッズ,2,1,J1
2024-10-20T13:03:00+09:00,ブラウブリッツ秋田,Ｖ・ファーレン長崎,1,2,J2
2024-10-20T13:03:00+09:00,ヴァンラーレ八戸,奈良クラブ,0,0,J3
2024-10-20T13:03:00+09:00,岩手,ＦＣ岐阜,0,6,J3
2024-10-20T13:03:00+09:00,ツエーゲン金沢,沼津,0,1,J3
2024-10-20T13:13:00+09:00,清水エスパルス,モンテディオ山形,1,2,J2
2024-10-20T14:03:00+09:00,ファジアーノ岡山,いわきＦＣ,2,1,J2
2024-10-20T14:03:00+09:00,大分トリニータ,水戸ホーリーホック,0,0,J2
2024-10-20T14:03:00+09:00,徳島ヴォルティス,藤枝ＭＹＦＣ,3,0,J2
2024-10-20T14:03:00+09:00,カターレ富山,福島ユナイテッドＦＣ,1,4,J3
2024-10-20T14:03:00+09:00,松本山雅ＦＣ,ガイナーレ鳥取,3,4,J3
2024-10-20T14:03:00+09:00,カマタマーレ讃岐,テゲバジャーロ宮崎,0,4,J3
2024-10-20T14:04:00+09:00,ザスパ群馬,栃木,0,0,J2
2024-10-20T14:04:00+09:00,ＳＣ相模原,YS横浜,2,1,J3
2024-10-20T15:03:00+09:00,ロアッソ熊本,レノファ山口ＦＣ,1,1,J2
2024-10-23T19:03:00+09:00,ガンバ大阪,名古屋グランパス,3,2,J1
2024-10-23T19:03:00+09:00,アルビレックス新潟,東京ヴェルディ,0,2,J1
2024-10-23T19:33:00+09:00,浦和レッズ,柏レイソル,1,0,J1
2024-10-26T13:54:00+09:00,いわきＦＣ,水戸ホーリーホック,1,2,J2
2024-10-26T14:03:00+09:00,藤枝ＭＹＦＣ,ジェフユナイテッド千葉,2,3,J2
2024-10-26T14:03:00+09:00,ギラヴァンツ北九州,ツエーゲン金沢,1,2,J3
2024-10-26T14:03:00+09:00,YS横浜,松本山雅ＦＣ,0,2,J3
2024-10-26T14:03:00+09:00,奈良クラブ,カマタマーレ讃岐,2,2,J3
2024-10-26T15:03:00+09:00,ＦＣ岐阜,ＦＣ今治,4,1,J3
2024-10-26T17:03:00+09:00,ＦＣ琉球,ヴァンラーレ八戸,1,1,J3
2024-10-27T13:03:00+09:00,Ｖ・ファーレン長崎,鹿児島ユナイテッドＦＣ,4,1,J2
2024-10-27T13:03:00+09:00,ガイナーレ鳥取,カターレ富山,2,2,J3
2024-10-27T13:03:00+09:00,岩手,ＲＢ大宮アルディージャ,1,2,J3
2024-10-27T14:03:00+09:00,ザスパ群馬,徳島ヴォルティス,0,2,J2
2024-10-27T14:03:00+09:00,ブラウブリッツ秋田,大分トリニータ,0,2,J2
2024-10-27T14:03:00+09:00,栃木,清水エスパルス,0,1,J2
2024-10-27T14:03:00+09:00,レノファ山口ＦＣ,ヴァンフォーレ甲府,2,0,J2
2024-10-27T14:03:00+09:00,福島ユナイテッドＦＣ,ＳＣ相模原,2,3,J3
2024-10-27T14:03:00+09:00,テゲバジャーロ宮崎,ＦＣ大阪,1,0,J3
2024-10-27T14:03:00+09:00,沼津,ＡＣ長野パルセイロ,1,1,J3
2024-10-27T14:04:00+09:00,モンテディオ山形,ロアッソ熊本,1,0,J2
2024-10-27T14:04:00+09:00,横浜ＦＣ,ファジアーノ岡山,2,4,J2
2024-10-27T16:03:00+09:00,愛媛ＦＣ,ベガルタ仙台,0,2,J2
2024-10-30T19:03:00+09:00,横浜Ｆ・マリノス,浦和レッズ,0,0,J1
2024-11-01T19:03:00+09:00,川崎フロンターレ,鹿島アントラーズ,1,3,J1
2024-11-01T19:03:00+09:00,ヴィッセル神戸,ジュビロ磐田,2,0,J1
2024-11-02T14:03:00+09:00,ＲＢ大宮アルディージャ,ガイナーレ鳥取,5,4,J3
2024-11-02T14:03:00+09:00,ＳＣ相模原,カターレ富山,2,2,J3
2024-11-02T14:03:00+09:00,ギラヴァンツ北九州,沼津,1,1,J3
2024-11-02T14:03:00+09:00,松本山雅ＦＣ,テゲバジャーロ宮崎,1,0,J3
2024-11-02T14:03:00+09:00,YS横浜,ＡＣ長野パルセイロ,1,1,J3
2024-11-02T14:26:00+09:00,奈良クラブ,福島ユナイテッドＦＣ,1,1,J3
2024-11-02T15:03:00+09:00,ＦＣ岐阜,ＦＣ大阪,2,0,J3
2024-11-03T13:03:00+09:00,サンフレッチェ広島,京都サンガF.C.,0,1,J1
2024-11-03T13:04:00+09:00,北海道コンサドーレ札幌,セレッソ大阪,1,1,J1
2024-11-03T13:04:00+09:00,ファジアーノ岡山,藤枝ＭＹＦＣ,2,0,J2
2024-11-03T13:04:00+09:00,ＦＣ今治,ＦＣ琉球,2,1,J3
2024-11-03T13:04:00+09:00,ヴァンラーレ八戸,カマタマーレ讃岐,3,3,J3
2024-11-03T14:03:00+09:00,ＦＣ東京,湘南ベルマーレ,0,2,J1
2024-11-03T14:03:00+09:00,サガン鳥栖,ＦＣ町田ゼルビア,2,1,J1
2024-11-03T14:03:00+09:00,ジェフユナイテッド千葉,Ｖ・ファーレン長崎,1,2,J2
2024-11-03T14:03:00+09:00,清水エスパルス,いわきＦＣ,1,0,J2
2024-11-03T14:03:00+09:00,水戸ホーリーホック,モンテディオ山形,1,3,J2
2024-11-03T14:03:00+09:00,横浜ＦＣ,栃木,0,0,J2
2024-11-03T14:03:00+09:00,徳島ヴォルティス,鹿児島ユナイテッドＦＣ,1,0,J2
2024-11-03T14:03:00+09:00,大分トリニータ,ザスパ群馬,2,1,J2
2024-11-03T14:03:00+09:00,ヴァンフォーレ甲府,ブラウブリッツ秋田,1,2,J2
2024-11-03T14:03:00+09:00,ツエーゲン金沢,岩手,1,1,J3
2024-11-03T15:05:00+09:00,アビスパ福岡,柏レイソル,2,1,J1
2024-11-03T16:04:00+09:00,愛媛ＦＣ,レノファ山口ＦＣ,1,1,J2
2024-11-04T14:03:00+09:00,ロアッソ熊本,ベガルタ仙台,3,1,J2
2024-11-09T13:03:00+09:00,ＦＣ大阪,YS横浜,5,0,J3
2024-11-09T14:03:00+09:00,鹿島アントラーズ,名古屋グランパス,0,0,J1
2024-11-09T14:03:00+09:00,サガン鳥栖,横浜Ｆ・マリノス,1,2,J1
2024-11-09T14:03:00+09:00,京都サンガF.C.,川崎フロンターレ,1,1,J1
2024-11-09T14:03:00+09:00,ＦＣ町田ゼルビア,ＦＣ東京,3,0,J1
2024-11-09T14:03:00+09:00,湘南ベルマーレ,北海道コンサドーレ札幌,1,1,J1
2024-11-09T14:03:00+09:00,ＡＣ長野パルセイロ,ヴァンラーレ八戸,0,1,J3
2024-11-09T14:03:00+09:00,岩手,松本山雅ＦＣ,1,6,J3
2024-11-09T15:03:00+09:00,柏レイソル,アルビレックス新潟,1,1,J1
2024-11-09T15:03:00+09:00,セレッソ大阪,アビスパ福岡,1,0,J1
2024-11-09T15:03:00+09:00,ジュビロ磐田,ガンバ大阪,3,4,J1
2024-11-10T13:03:00+09:00,ガイナーレ鳥取,ＦＣ今治,0,5,J3
2024-11-10T14:03:00+09:00,東京ヴェルディ,ヴィッセル神戸,1,1,J1
2024-11-10T14:03:00+09:00,清水エスパルス,ロアッソ熊本,1,0,J2
2024-11-10T14:03:00+09:00,レノファ山口ＦＣ,横浜ＦＣ,0,0,J2
2024-11-10T14:03:00+09:00,いわきＦＣ,ザスパ群馬,3,0,J2
2024-11-10T14:03:00+09:00,ヴァンフォーレ甲府,水戸ホーリーホック,3,1,J2
2024-11-10T14:03:00+09:00,Ｖ・ファーレン長崎,愛媛ＦＣ,5,2,J2
2024-11-10T14:03:00+09:00,栃木,徳島ヴォルティス,0,0,J2
2024-11-10T14:03:00+09:00,鹿児島ユナイテッドＦＣ,ファジアーノ岡山,0,0,J2
2024-11-10T14:03:00+09:00,ブラウブリッツ秋田,藤枝ＭＹＦＣ,1,0,J2
2024-11-10T14:03:00+09:00,ベガルタ仙台,大分トリニータ,2,1,J2
2024-11-10T14:03:00+09:00,カマタマーレ讃岐,ギラヴァンツ北九州,1,2,J3
2024-11-10T14:03:00+09:00,ＳＣ相模原,奈良クラブ,1,2,J3
2024-11-10T14:03:00+09:00,カターレ富山,ＦＣ岐阜,2,2,J3
2024-11-10T14:03:00+09:00,ツエーゲン金沢,福島ユナイテッドＦＣ,1,2,J3
2024-11-10T14:03:00+09:00,沼津,テゲバジャーロ宮崎,1,2,J3
2024-11-10T14:04:00+09:00,モンテディオ山形,ジェフユナイテッド千葉,4,0,J2
2024-11-10T15:03:00+09:00,浦和レッズ,サンフレッチェ広島,3,0,J1
2024-11-10T15:03:00+09:00,ＦＣ琉球,ＲＢ大宮アルディージャ,1,1,J3
2024-11-15T19:04:00+09:00,ＦＣ大阪,ＳＣ相模原,1,0,J3
2024-11-16T14:03:00+09:00,ジュビロ磐田,横浜Ｆ・マリノス,3,4,J1
2024-11-16T14:03:00+09:00,松本山雅ＦＣ,ＦＣ琉球,2,1,J3
2024-11-16T14:03:00+09:00,カマタマーレ讃岐,ＦＣ今治,0,1,J3
2024-11-16T14:03:00+09:00,ギラヴァンツ北九州,ＡＣ長野パルセイロ,1,1,J3
2024-11-16T15:03:00+09:00,ＦＣ岐阜,ＲＢ大宮アルディージャ,2,2,J3
2024-11-17T13:05:00+09:00,ガイナーレ鳥取,ツエーゲン金沢,1,0,J3
2024-11-17T13:08:00+09:00,カターレ富山,ヴァンラーレ八戸,3,1,J3
2024-11-17T14:03:00+09:00,京都サンガF.C.,鹿島アントラーズ,0,0,J1
2024-11-17T14:03:00+09:00,テゲバジャーロ宮崎,YS横浜,3,2,J3
2024-11-17T14:03:00+09:00,福島ユナイテッドＦＣ,沼津,2,1,J3
2024-11-17T14:04:00+09:00,奈良クラブ,岩手,1,0,J3
2024-11-22T19:00:00+09:00,浦和レッズ,川崎フロンターレ,1,1,J1
2024-11-24T14:03:00+09:00,ＦＣ今治,テゲバジャーロ宮崎,1,0,J3
2024-11-24T14:03:00+09:00,ＲＢ大宮アルディージャ,カターレ富山,1,2,J3
2024-11-24T14:03:00+09:00,ＳＣ相模原,ガイナーレ鳥取,1,0,J3
2024-11-24T14:03:00+09:00,岩手,福島ユナイテッドＦＣ,1,4,J3
2024-11-24T14:03:00+09:00,YS横浜,ギラヴァンツ北九州,2,3,J3
2024-11-24T14:03:00+09:00,ＡＣ長野パルセイロ,カマタマーレ讃岐,0,2,J3
2024-11-24T14:03:00+09:00,ヴァンラーレ八戸,ＦＣ大阪,1,1,J3
2024-11-24T14:03:00+09:00,ＦＣ琉球,ＦＣ岐阜,0,2,J3
2024-11-24T14:04:00+09:00,ツエーゲン金沢,奈良クラブ,1,0,J3
2024-11-24T14:04:00+09:00,沼津,松本山雅ＦＣ,0,1,J3
2024-11-30T14:03:00+09:00,柏レイソル,ヴィッセル神戸,1,1,J1
2024-11-30T14:03:00+09:00,セレッソ大阪,鹿島アントラーズ,0,2,J1
2024-11-30T14:03:00+09:00,アルビレックス新潟,ガンバ大阪,0,1,J1
2024-11-30T14:03:00+09:00,ジュビロ磐田,ＦＣ東京,2,1,J1
2024-11-30T14:03:00+09:00,東京ヴェルディ,川崎フロンターレ,4,5,J1
2024-11-30T14:03:00+09:00,湘南ベルマーレ,横浜Ｆ・マリノス,2,3,J1
2024-11-30T14:03:00+09:00,名古屋グランパス,サガン鳥栖,0,3,J1
2024-11-30T14:03:00+09:00,アビスパ福岡,浦和レッズ,1,0,J1
2024-11-30T14:03:00+09:00,ＦＣ町田ゼルビア,京都サンガF.C.,1,0,J1
2024-12-01T14:03:00+09:00,サンフレッチェ広島,北海道コンサドーレ札幌,5,1,J1
2024-12-08T14:03:00+09:00,ＦＣ東京,セレッソ大阪,3,0,J1
2024-12-08T14:03:00+09:00,京都サンガF.C.,東京ヴェルディ,0,0,J1
2024-12-08T14:03:00+09:00,川崎フロンターレ,アビスパ福岡,3,1,J1
2024-12-08T14:03:00+09:00,サガン鳥栖,ジュビロ磐田,3,0,J1
2024-12-08T14:03:00+09:00,ガンバ大阪,サンフレッチェ広島,3,1,J1
2024-12-08T14:03:00+09:00,横浜Ｆ・マリノス,名古屋グランパス,0,2,J1
2024-12-08T14:03:00+09:00,北海道コンサドーレ札幌,柏レイソル,1,0,J1
2024-12-08T14:03:00+09:00,鹿島アントラーズ,ＦＣ町田ゼルビア,3,1,J1
2024-12-08T14:04:00+09:00,ヴィッセル神戸,湘南ベルマーレ,3,0,J1
2024-12-08T14:04:00+09:00,浦和レッズ,アルビレックス新潟,0,0,J1
2025-02-14T19:03:00+09:00,ガンバ大阪,セレッソ大阪,2,5,J1
2025-02-15T14:03:00+09:00,横浜Ｆ・マリノス,アルビレックス新潟,1,1,J1
2025-02-15T14:03:00+09:00,ヴィッセル神戸,浦和レッズ,0,0,J1
2025-02-15T14:03:00+09:00,横浜ＦＣ,ＦＣ東京,0,1,J1
2025-02-15T14:03:00+09:00,サガン鳥栖,ベガルタ仙台,0,1,J2
2025-02-15T14:03:00+09:00,ヴァンフォーレ甲府,レノファ山口ＦＣ,1,0,J2
2025-02-15T14:03:00+09:00,いわきＦＣ,ジェフユナイテッド千葉,0,2,J2
2025-02-15T14:03:00+09:00,藤枝ＭＹＦＣ,徳島ヴォルティス,0,2,J2
2025-02-15T14:03:00+09:00,ＲＢ大宮アルディージャ,モンテディオ山形,2,1,J2
2025-02-15T14:03:00+09:00,栃木シティ,ＳＣ相模原,2,1,J3
2025-02-15T14:03:00+09:00,ザスパ群馬,ＦＣ琉球,0,0,J3
2025-02-15T14:04:00+09:00,ファジアーノ岡山,京都サンガF.C.,2,0,J1
2025-02-15T14:04:00+09:00,アビスパ福岡,柏レイソル,0,1,J1
2025-02-15T14:04:00+09:00,ジュビロ磐田,水戸ホーリーホック,3,2,J2
2025-02-15T15:03:00+09:00,川崎フロンターレ,名古屋グランパス,4,0,J1
2025-02-15T15:03:00+09:00,湘南ベルマーレ,鹿島アントラーズ,1,0,J1
2025-02-15T19:03:00+09:00,Ｖ・ファーレン長崎,ロアッソ熊本,3,2,J2
2025-02-16T12:53:00+09:00,愛媛ＦＣ,カターレ富山,0,1,J2
2025-02-16T13:13:00+09:00,ＦＣ今治,ブラウブリッツ秋田,0,1,J2
2025-02-16T14:03:00+09:00,東京ヴェルディ,清水エスパルス,0,1,J1
2025-02-16T14:03:00+09:00,ＦＣ町田ゼルビア,サンフレッチェ広島,1,2,J1
2025-02-16T14:03:00+09:00,大分トリニータ,北海道コンサドーレ札幌,2,0,J2
2025-02-16T14:03:00+09:00,テゲバジャーロ宮崎,ＡＣ長野パルセイロ,0,1,J3
2025-02-16T14:03:00+09:00,栃木ＳＣ,高知ユナイテッドＳＣ,1,0,J3
2025-02-16T14:03:00+09:00,沼津,ガイナーレ鳥取,3,0,J3
2025-02-16T14:04:00+09:00,ＦＣ大阪,ＦＣ岐阜,1,1,J3
2025-02-16T14:04:00+09:00,奈良クラブ,福島ユナイテッドＦＣ,2,2,J3
2025-02-16T15:03:00+09:00,鹿児島ユナイテッドＦＣ,カマタマーレ讃岐,1,1,J3
2025-02-22T14:03:00+09:00,横浜ＦＣ,ファジアーノ岡山,1,0,J1
2025-02-22T14:03:00+09:00,名古屋グランパス,ヴィッセル神戸,2,2,J1
2025-02-22T14:03:00+09:00,京都サンガF.C.,浦和レッズ,1,1,J1
2025-02-22T14:03:00+09:00,柏レイソル,川崎フロンターレ,1,1,J1
2025-02-22T14:03:00+09:00,清水エスパルス,アルビレックス新潟,2,0,J1
2025-02-22T14:03:00+09:00,ＲＢ大宮アルディージャ,ヴァンフォーレ甲府,1,0,J2
2025-02-22T14:03:00+09:00,ジェフユナイテッド千葉,カターレ富山,2,0,J2
2025-02-22T14:03:00+09:00,ジュビロ磐田,サガン鳥栖,1,0,J2
2025-02-22T14:03:00+09:00,ＦＣ琉球,ＦＣ大阪,0,1,J3
2025-02-22T14:03:00+09:00,ＳＣ相模原,栃木ＳＣ,1,0,J3
2025-02-22T14:03:00+09:00,ザスパ群馬,栃木シティ,2,0,J3
2025-02-22T14:03:00+09:00,ギラヴァンツ北九州,ＡＣ長野パルセイロ,2,0,J3
2025-02-22T15:03:00+09:00,ガンバ大阪,アビスパ福岡,2,1,J1
2025-02-22T15:03:00+09:00,セレッソ大阪,湘南ベルマーレ,1,2,J1
2025-02-22T15:03:00+09:00,鹿島アントラーズ,東京ヴェルディ,4,0,J1
2025-02-22T15:03:00+09:00,ＦＣ東京,ＦＣ町田ゼルビア,0,1,J1
2025-02-23T13:03:00+09:00,レノファ山口ＦＣ,Ｖ・ファーレン長崎,2,2,J2
2025-02-23T13:03:00+09:00,ロアッソ熊本,北海道コンサドーレ札幌,3,0,J2
2025-02-23T14:00:00+09:00,徳島ヴォルティス,ベガルタ仙台,1,0,J2
2025-02-23T14:03:00+09:00,サンフレッチェ広島,横浜Ｆ・マリノス,1,0,J1
2025-02-23T14:03:00+09:00,ＦＣ今治,藤枝ＭＹＦＣ,0,0,J2
2025-02-23T14:03:00+09:00,大分トリニータ,いわきＦＣ,0,0,J2
2025-02-23T14:03:00+09:00,水戸ホーリーホック,モンテディオ山形,1,0,J2
2025-02-23T14:03:00+09:00,テゲバジャーロ宮崎,福島ユナイテッドＦＣ,3,1,J3
2025-02-23T14:03:00+09:00,カマタマーレ讃岐,奈良クラブ,2,0,J3
2025-02-23T14:03:00+09:00,沼津,松本山雅ＦＣ,1,1,J3
2025-02-23T14:04:00+09:00,鹿児島ユナイテッドＦＣ,ツエーゲン金沢,1,2,J3
2025-02-23T14:05:00+09:00,高知ユナイテッドＳＣ,ガイナーレ鳥取,0,0,J3
2025-02-23T14:05:00+09:00,ＦＣ岐阜,ヴァンラーレ八戸,0,1,J3
2025-02-23T15:03:00+09:00,愛媛ＦＣ,ブラウブリッツ秋田,1,2,J2
2025-02-26T19:01:00+09:00,ファジアーノ岡山,ガンバ大阪,2,0,J1
2025-02-26T19:03:00+09:00,清水エスパルス,サンフレッチェ広島,1,1,J1
2025-02-26T19:03:00+09:00,ＦＣ東京,名古屋グランパス,3,1,J1
2025-02-26T19:03:00+09:00,アビスパ福岡,川崎フロンターレ,1,2,J1
2025-02-26T19:03:00+09:00,柏レイソル,セレッソ大阪,2,1,J1
2025-02-26T19:03:00+09:00,ヴィッセル神戸,京都サンガF.C.,1,1,J1
2025-02-26T19:03:00+09:00,鹿島アントラーズ,アルビレックス新潟,2,1,J1
2025-02-26T19:03:00+09:00,横浜Ｆ・マリノス,横浜ＦＣ,0,0,J1
2025-02-26T19:03:00+09:00,湘南ベルマーレ,浦和レッズ,2,1,J1
2025-02-26T19:03:00+09:00,ＦＣ町田ゼルビア,東京ヴェルディ,0,1,J1
2025-03-01T13:03:00+09:00,ベガルタ仙台,大分トリニータ,2,0,J2
2025-03-01T13:04:00+09:00,横浜Ｆ・マリノス,湘南ベルマーレ,1,1,J1
2025-03-01T14:03:00+09:00,鹿島アントラーズ,ＦＣ東京,2,0,J1
2025-03-01T14:03:00+09:00,ジェフユナイテッド千葉,モンテディオ山形,3,2,J2
2025-03-01T14:03:00+09:00,藤枝ＭＹＦＣ,ブラウブリッツ秋田,2,1,J2
2025-03-01T14:03:00+09:00,Ｖ・ファーレン長崎,ジュビロ磐田,1,0,J2
2025-03-01T14:03:00+09:00,サガン鳥栖,ＦＣ今治,1,4,J2
2025-03-01T14:03:00+09:00,ＳＣ相模原,鹿児島ユナイテッドＦＣ,0,2,J3
2025-03-01T14:03:00+09:00,奈良クラブ,松本山雅ＦＣ,2,1,J3
2025-03-01T14:03:00+09:00,栃木シティ,沼津,0,0,J3
2025-03-01T14:03:00+09:00,ＦＣ岐阜,ギラヴァンツ北九州,2,1,J3
2025-03-01T14:03:00+09:00,ＡＣ長野パルセイロ,ザスパ群馬,3,2,J3
2025-03-01T14:03:00+09:00,ＦＣ琉球,福島ユナイテッドＦＣ,0,1,J3
2025-03-01T15:03:00+09:00,川崎フロンターレ,京都サンガF.C.,0,1,J1
2025-03-01T15:03:00+09:00,ヴィッセル神戸,アビスパ福岡,0,1,J1
2025-03-02T13:03:00+09:00,ロアッソ熊本,ＲＢ大宮アルディージャ,0,4,J2
2025-03-02T14:03:00+09:00,東京ヴェルディ,ガンバ大阪,0,1,J1
2025-03-02T14:03:00+09:00,名古屋グランパス,ＦＣ町田ゼルビア,1,2,J1
2025-03-02T14:03:00+09:00,ファジアーノ岡山,清水エスパルス,1,1,J1
2025-03-02T14:03:00+09:00,アルビレックス新潟,セレッソ大阪,2,2,J1
2025-03-02T14:03:00+09:00,いわきＦＣ,徳島ヴォルティス,1,1,J2
2025-03-02T14:03:00+09:00,水戸ホーリーホック,愛媛ＦＣ,1,1,J2
2025-03-02T14:03:00+09:00,レノファ山口ＦＣ,北海道コンサドーレ札幌,2,0,J2
2025-03-02T14:03:00+09:00,カターレ富山,ヴァンフォーレ甲府,2,0,J2
2025-03-02T14:03:00+09:00,高知ユナイテッドＳＣ,ＦＣ大阪,1,2,J3
2025-03-02T14:03:00+09:00,ガイナーレ鳥取,ヴァンラーレ八戸,1,1,J3
2025-03-02T14:03:00+09:00,カマタマーレ讃岐,ツエーゲン金沢,1,1,J3
2025-03-02T14:03:00+09:00,栃木ＳＣ,テゲバジャーロ宮崎,1,2,J3
2025-03-02T14:31:00+09:00,サンフレッチェ広島,横浜ＦＣ,1,0,J1
2025-03-02T15:03:00+09:00,浦和レッズ,柏レイソル,0,2,J1
2025-03-08T13:04:00+09:00,ベガルタ仙台,Ｖ・ファーレン長崎,1,1,J2
2025-03-08T13:06:00+09:00,福島ユナイテッドＦＣ,ＦＣ岐阜,4,3,J3
2025-03-08T14:03:00+09:00,浦和レッズ,ファジアーノ岡山,1,0,J1
2025-03-08T14:03:00+09:00,ＲＢ大宮アルディージャ,レノファ山口ＦＣ,2,1,J2
2025-03-08T14:03:00+09:00,ギラヴァンツ北九州,カマタマーレ讃岐,2,0,J3
2025-03-08T14:03:00+09:00,ＡＣ長野パルセイロ,栃木シティ,1,2,J3
2025-03-08T14:03:00+09:00,奈良クラブ,ＦＣ琉球,2,1,J3
2025-03-08T14:04:00+09:00,ＦＣ大阪,ガイナーレ鳥取,1,0,J3
2025-03-08T14:08:00+09:00,アルビレックス新潟,東京ヴェルディ,2,2,J1
2025-03-08T15:03:00+09:00,ガンバ大阪,清水エスパルス,1,0,J1
2025-03-08T15:03:00+09:00,鹿児島ユナイテッドＦＣ,ザスパ群馬,5,2,J3
2025-03-08T16:03:00+09:00,横浜ＦＣ,ＦＣ町田ゼルビア,0,2,J1
2025-03-08T16:03:00+09:00,柏レイソル,鹿島アントラーズ,1,3,J1
2025-03-08T16:03:00+09:00,ＦＣ東京,湘南ベルマーレ,0,0,J1
2025-03-08T16:03:00+09:00,セレッソ大阪,名古屋グランパス,1,1,J1
2025-03-08T18:13:00+09:00,愛媛ＦＣ,ＦＣ今治,2,3,J2
2025-03-09T13:08:00+09:00,北海道コンサドーレ札幌,ジェフユナイテッド千葉,1,3,J2
2025-03-09T14:03:00+09:00,京都サンガF.C.,アビスパ福岡,0,1,J1
2025-03-09T14:03:00+09:00,大分トリニータ,水戸ホーリーホック,0,0,J2
2025-03-09T14:03:00+09:00,いわきＦＣ,サガン鳥栖,1,1,J2
2025-03-09T14:03:00+09:00,カターレ富山,ジュビロ磐田,3,1,J2
2025-03-09T14:03:00+09:00,徳島ヴォルティス,ロアッソ熊本,0,0,J2
2025-03-09T14:03:00+09:00,モンテディオ山形,ブラウブリッツ秋田,4,2,J2
2025-03-09T14:03:00+09:00,テゲバジャーロ宮崎,松本山雅ＦＣ,0,0,J3
2025-03-09T14:03:00+09:00,ヴァンラーレ八戸,ＳＣ相模原,1,2,J3
2025-03-09T14:04:00+09:00,ヴァンフォーレ甲府,藤枝ＭＹＦＣ,3,3,J2
2025-03-09T14:04:00+09:00,沼津,栃木ＳＣ,0,0,J3
2025-03-09T14:08:00+09:00,ツエーゲン金沢,高知ユナイテッドＳＣ,1,2,J3
2025-03-15T13:03:00+09:00,ブラウブリッツ秋田,北海道コンサドーレ札幌,1,3,J2
2025-03-15T13:03:00+09:00,高知ユナイテッドＳＣ,鹿児島ユナイテッドＦＣ,2,2,J3
2025-03-15T14:03:00+09:00,東京ヴェルディ,名古屋グランパス,2,1,J1
2025-03-15T14:03:00+09:00,横浜ＦＣ,セレッソ大阪,2,0,J1
2025-03-15T14:03:00+09:00,アビスパ福岡,ＦＣ東京,1,0,J1
2025-03-15T14:03:00+09:00,ＦＣ町田ゼルビア,アルビレックス新潟,1,0,J1
2025-03-15T14:03:00+09:00,ジュビロ磐田,ヴァンフォーレ甲府,2,1,J2
2025-03-15T14:03:00+09:00,サガン鳥栖,ＲＢ大宮アルディージャ,1,0,J2
2025-03-15T14:03:00+09:00,ギラヴァンツ北九州,ヴァンラーレ八戸,1,0,J3
2025-03-15T14:03:00+09:00,ＳＣ相模原,奈良クラブ,1,1,J3
2025-03-15T14:03:00+09:00,カマタマーレ讃岐,ＦＣ琉球,1,0,J3
2025-03-15T14:04:00+09:00,藤枝ＭＹＦＣ,いわきＦＣ,2,0,J2
2025-03-15T16:03:00+09:00,Ｖ・ファーレン長崎,徳島ヴォルティス,1,0,J2
2025-03-16T13:03:00+09:00,清水エスパルス,京都サンガF.C.,1,2,J1
2025-03-16T13:03:00+09:00,ロアッソ熊本,モンテディオ山形,1,3,J2
2025-03-16T14:03:00+09:00,ファジアーノ岡山,川崎フロンターレ,0,0,J1
2025-03-16T14:03:00+09:00,鹿島アントラーズ,浦和レッズ,1,1,J1
2025-03-16T14:03:00+09:00,横浜Ｆ・マリノス,ガンバ大阪,2,0,J1
2025-03-16T14:03:00+09:00,サンフレッチェ広島,柏レイソル,1,1,J1
2025-03-16T14:03:00+09:00,水戸ホーリーホック,ベガルタ仙台,2,2,J2
2025-03-16T14:03:00+09:00,レノファ山口ＦＣ,大分トリニータ,1,1,J2
2025-03-16T14:03:00+09:00,ＦＣ今治,カターレ富山,0,0,J2
2025-03-16T14:03:00+09:00,ジェフユナイテッド千葉,愛媛ＦＣ,5,1,J2
2025-03-16T14:03:00+09:00,ザスパ群馬,ガイナーレ鳥取,2,0,J3
2025-03-16T14:03:00+09:00,栃木ＳＣ,ＦＣ大阪,1,0,J3
2025-03-16T14:03:00+09:00,栃木シティ,テゲバジャーロ宮崎,3,2,J3
2025-03-16T15:03:00+09:00,湘南ベルマーレ,ヴィッセル神戸,1,2,J1
2025-03-16T19:03:00+09:00,ＦＣ岐阜,ツエーゲン金沢,1,2,J3
2025-03-23T13:03:00+09:00,ベガルタ仙台,ジュビロ磐田,2,3,J2
2025-03-23T13:03:00+09:00,ヴァンラーレ八戸,高知ユナイテッドＳＣ,3,2,J3
2025-03-23T13:18:00+09:00,レノファ山口ＦＣ,ロアッソ熊本,0,1,J2
2025-03-23T14:00:00+09:00,愛媛ＦＣ,北海道コンサドーレ札幌,1,2,J2
2025-03-23T14:03:00+09:00,サガン鳥栖,カターレ富山,1,0,J2
2025-03-23T14:03:00+09:00,モンテディオ山形,徳島ヴォルティス,0,0,J2
2025-03-23T14:03:00+09:00,大分トリニータ,藤枝ＭＹＦＣ,1,1,J2
2025-03-23T14:03:00+09:00,いわきＦＣ,ＦＣ今治,0,1,J2
2025-03-23T14:03:00+09:00,ヴァンフォーレ甲府,ジェフユナイテッド千葉,1,2,J2
2025-03-23T14:03:00+09:00,Ｖ・ファーレン長崎,ブラウブリッツ秋田,5,1,J2
2025-03-23T14:03:00+09:00,カマタマーレ讃岐,栃木シティ,0,1,J3
2025-03-23T14:03:00+09:00,ＡＣ長野パルセイロ,福島ユナイテッドＦＣ,2,0,J3
2025-03-23T14:03:00+09:00,ＦＣ大阪,ツエーゲン金沢,1,0,J3
2025-03-23T14:03:00+09:00,鹿児島ユナイテッドＦＣ,ギラヴァンツ北九州,1,0,J3
2025-03-23T14:03:00+09:00,ガイナーレ鳥取,ＦＣ岐阜,3,0,J3
2025-03-23T14:03:00+09:00,沼津,テゲバジャーロ宮崎,0,1,J3
2025-03-23T14:03:00+09:00,松本山雅ＦＣ,ＳＣ相模原,2,0,J3
2025-03-23T14:03:00+09:00,ＦＣ琉球,栃木ＳＣ,2,1,J3
2025-03-23T14:03:00+09:00,奈良クラブ,ザスパ群馬,3,1,J3
2025-03-23T14:04:00+09:00,ＲＢ大宮アルディージャ,水戸ホーリーホック,2,0,J2
2025-03-28T19:03:00+09:00,セレッソ大阪,浦和レッズ,1,1,J1
2025-03-29T13:00:00+09:00,ファジアーノ岡山,横浜Ｆ・マリノス,1,0,J1
2025-03-29T13:03:00+09:00,清水エスパルス,湘南ベルマーレ,3,0,J1
2025-03-29T14:03:00+09:00,京都サンガF.C.,サンフレッチェ広島,1,0,J1
2025-03-29T14:03:00+09:00,アルビレックス新潟,ガンバ大阪,3,3,J1
2025-03-29T14:03:00+09:00,柏レイソル,東京ヴェルディ,0,0,J1
2025-03-29T14:03:00+09:00,名古屋グランパス,横浜ＦＣ,2,1,J1
2025-03-29T14:03:00+09:00,北海道コンサドーレ札幌,ヴァンフォーレ甲府,0,1,J2
2025-03-29T14:03:00+09:00,ＦＣ岐阜,松本山雅ＦＣ,1,1,J3
2025-03-29T15:03:00+09:00,鹿島アントラーズ,ヴィッセル神戸,1,0,J1
2025-03-29T15:04:00+09:00,アビスパ福岡,ＦＣ町田ゼルビア,2,2,J1
2025-03-29T17:03:00+09:00,ＦＣ東京,川崎フロンターレ,0,3,J1
2025-03-30T13:03:00+09:00,ロアッソ熊本,サガン鳥栖,3,1,J2
2025-03-30T13:03:00+09:00,ヴァンラーレ八戸,奈良クラブ,1,1,J3
2025-03-30T14:03:00+09:00,カターレ富山,ベガルタ仙台,0,1,J2
2025-03-30T14:03:00+09:00,水戸ホーリーホック,いわきＦＣ,4,1,J2
2025-03-30T14:03:00+09:00,藤枝ＭＹＦＣ,Ｖ・ファーレン長崎,3,2,J2
2025-03-30T14:03:00+09:00,ＦＣ今治,モンテディオ山形,2,2,J2
2025-03-30T14:03:00+09:00,ブラウブリッツ秋田,レノファ山口ＦＣ,1,0,J2
2025-03-30T14:03:00+09:00,ザスパ群馬,ギラヴァンツ北九州,0,2,J3
2025-03-30T14:03:00+09:00,ＳＣ相模原,カマタマーレ讃岐,1,1,J3
2025-03-30T14:03:00+09:00,ＦＣ大阪,沼津,3,1,J3
2025-03-30T14:03:00+09:00,テゲバジャーロ宮崎,鹿児島ユナイテッドＦＣ,1,1,J3
2025-03-30T14:03:00+09:00,高知ユナイテッドＳＣ,ＦＣ琉球,1,1,J3
2025-03-30T14:03:00+09:00,ツエーゲン金沢,ＡＣ長野パルセイロ,3,1,J3
2025-03-30T14:03:00+09:00,栃木ＳＣ,栃木シティ,1,1,J3
2025-03-30T14:04:00+09:00,福島ユナイテッドＦＣ,ガイナーレ鳥取,3,0,J3
2025-03-30T15:03:00+09:00,愛媛ＦＣ,大分トリニータ,0,1,J2
2025-03-30T15:03:00+09:00,ジュビロ磐田,ジェフユナイテッド千葉,1,0,J2
2025-03-30T16:04:00+09:00,徳島ヴォルティス,ＲＢ大宮アルディージャ,1,0,J2
2025-04-02T19:03:00+09:00,ガンバ大阪,ＦＣ町田ゼルビア,0,1,J1
2025-04-02T19:03:00+09:00,セレッソ大阪,ファジアーノ岡山,2,1,J1
2025-04-02T19:03:00+09:00,京都サンガF.C.,柏レイソル,1,1,J1
2025-04-02T19:03:00+09:00,サンフレッチェ広島,鹿島アントラーズ,1,0,J1
2025-04-02T19:03:00+09:00,東京ヴェルディ,ＦＣ東京,2,2,J1
2025-04-02T19:03:00+09:00,横浜ＦＣ,ヴィッセル神戸,0,1,J1
2025-04-02T19:03:00+09:00,川崎フロンターレ,湘南ベルマーレ,2,0,J1
2025-04-02T19:03:00+09:00,アルビレックス新潟,アビスパ福岡,0,1,J1
2025-04-02T19:04:00+09:00,名古屋グランパス,横浜Ｆ・マリノス,2,0,J1
2025-04-02T19:33:00+09:00,浦和レッズ,清水エスパルス,2,1,J1
2025-04-05T13:03:00+09:00,ベガルタ仙台,ブラウブリッツ秋田,1,0,J2
2025-04-05T13:33:00+09:00,ヴァンフォーレ甲府,いわきＦＣ,1,0,J2
2025-04-05T14:03:00+09:00,横浜Ｆ・マリノス,東京ヴェルディ,0,0,J1
2025-04-05T14:03:00+09:00,ジェフユナイテッド千葉,水戸ホーリーホック,2,1,J2
2025-04-05T14:03:00+09:00,サガン鳥栖,藤枝ＭＹＦＣ,1,0,J2
2025-04-05T14:03:00+09:00,北海道コンサドーレ札幌,徳島ヴォルティス,1,0,J2
2025-04-05T14:03:00+09:00,モンテディオ山形,ジュビロ磐田,0,0,J2
2025-04-05T14:03:00+09:00,レノファ山口ＦＣ,愛媛ＦＣ,1,1,J2
2025-04-05T14:03:00+09:00,奈良クラブ,ＦＣ岐阜,1,1,J3
2025-04-05T14:03:00+09:00,松本山雅ＦＣ,高知ユナイテッドＳＣ,0,5,J3
2025-04-05T14:03:00+09:00,ザスパ群馬,テゲバジャーロ宮崎,0,0,J3
2025-04-05T14:03:00+09:00,ギラヴァンツ北九州,ＦＣ大阪,1,0,J3
2025-04-05T14:04:00+09:00,ＲＢ大宮アルディージャ,大分トリニータ,2,2,J2
2025-04-05T17:03:00+09:00,ＦＣ琉球,ＳＣ相模原,2,0,J3
2025-04-06T13:01:00+09:00,ファジアーノ岡山,ＦＣ東京,1,0,J1
2025-04-06T13:03:00+09:00,ロアッソ熊本,カターレ富山,0,0,J2
2025-04-06T13:03:00+09:00,ＡＣ長野パルセイロ,鹿児島ユナイテッドＦＣ,1,3,J3
2025-04-06T13:33:00+09:00,ＦＣ今治,Ｖ・ファーレン長崎,4,1,J2
2025-04-06T14:03:00+09:00,横浜ＦＣ,清水エスパルス,2,0,J1
2025-04-06T14:03:00+09:00,ヴィッセル神戸,アルビレックス新潟,0,1,J1
2025-04-06T14:03:00+09:00,ＦＣ町田ゼルビア,川崎フロンターレ,2,2,J1
2025-04-06T14:03:00+09:00,栃木ＳＣ,ヴァンラーレ八戸,0,1,J3
2025-04-06T14:03:00+09:00,栃木シティ,福島ユナイテッドＦＣ,2,2,J3
2025-04-06T14:03:00+09:00,ガイナーレ鳥取,ツエーゲン金沢,1,1,J3
2025-04-06T14:03:00+09:00,沼津,カマタマーレ讃岐,1,1,J3
2025-04-06T14:04:00+09:00,アビスパ福岡,浦和レッズ,1,0,J1
2025-04-06T15:03:00+09:00,サンフレッチェ広島,セレッソ大阪,2,1,J1
2025-04-06T15:03:00+09:00,柏レイソル,ガンバ大阪,1,0,J1
2025-04-06T15:03:00+09:00,鹿島アントラーズ,京都サンガF.C.,3,4,J1
2025-04-06T15:03:00+09:00,湘南ベルマーレ,名古屋グランパス,2,1,J1
2025-04-09T19:03:00+09:00,川崎フロンターレ,横浜Ｆ・マリノス,3,3,J1
2025-04-11T19:03:00+09:00,ＦＣ東京,柏レイソル,1,1,J1
2025-04-12T13:03:00+09:00,ベガルタ仙台,ＦＣ今治,0,0,J2
2025-04-12T14:03:00+09:00,ガンバ大阪,名古屋グランパス,2,0,J1
2025-04-12T14:03:00+09:00,清水エスパルス,川崎フロンターレ,1,1,J1
2025-04-12T14:03:00+09:00,サンフレッチェ広島,ファジアーノ岡山,0,1,J1
2025-04-12T14:03:00+09:00,アビスパ福岡,横浜Ｆ・マリノス,2,1,J1
2025-04-12T14:03:00+09:00,いわきＦＣ,モンテディオ山形,0,1,J2
2025-04-12T14:03:00+09:00,水戸ホーリーホック,北海道コンサドーレ札幌,3,1,J2
2025-04-12T14:03:00+09:00,ＦＣ大阪,ヴァンラーレ八戸,1,0,J3
2025-04-12T14:03:00+09:00,福島ユナイテッドＦＣ,ギラヴァンツ北九州,1,0,J3
2025-04-12T14:03:00+09:00,テゲバジャーロ宮崎,ガイナーレ鳥取,2,1,J3
2025-04-12T15:03:00+09:00,東京ヴェルディ,ヴィッセル神戸,0,1,J1
2025-04-12T15:05:00+09:00,セレッソ大阪,鹿島アントラーズ,1,0,J1
2025-04-12T16:03:00+09:00,京都サンガF.C.,湘南ベルマーレ,2,0,J1
2025-04-13T13:03:00+09:00,ＡＣ長野パルセイロ,ＦＣ琉球,1,1,J3
2025-04-13T13:03:00+09:00,鹿児島ユナイテッドＦＣ,沼津,1,1,J3
2025-04-13T14:03:00+09:00,ＦＣ町田ゼルビア,浦和レッズ,0,2,J1
2025-04-13T14:03:00+09:00,アルビレックス新潟,横浜ＦＣ,0,0,J1
2025-04-13T14:03:00+09:00,カターレ富山,レノファ山口ＦＣ,2,2,J2
2025-04-13T14:03:00+09:00,大分トリニータ,徳島ヴォルティス,1,1,J2
2025-04-13T14:03:00+09:00,藤枝ＭＹＦＣ,ジェフユナイテッド千葉,2,3,J2
2025-04-13T14:03:00+09:00,ブラウブリッツ秋田,ＲＢ大宮アルディージャ,1,2,J2
2025-04-13T14:03:00+09:00,高知ユナイテッドＳＣ,栃木シティ,0,5,J3
2025-04-13T14:03:00+09:00,ＦＣ岐阜,栃木ＳＣ,0,1,J3
2025-04-13T14:03:00+09:00,カマタマーレ讃岐,松本山雅ＦＣ,0,2,J3
2025-04-13T14:03:00+09:00,ツエーゲン金沢,奈良クラブ,2,1,J3
2025-04-13T14:05:00+09:00,Ｖ・ファーレン長崎,サガン鳥栖,0,2,J2
2025-04-13T14:08:00+09:00,ＳＣ相模原,ザスパ群馬,1,1,J3
2025-04-13T15:03:00+09:00,ジュビロ磐田,ロアッソ熊本,1,1,J2
2025-04-13T16:03:00+09:00,愛媛ＦＣ,ヴァンフォーレ甲府,0,0,J2
2025-04-16T19:03:00+09:00,横浜Ｆ・マリノス,清水エスパルス,2,3,J1
2025-04-16T19:03:00+09:00,ヴィッセル神戸,川崎フロンターレ,2,1,J1
2025-04-16T19:33:00+09:00,浦和レッズ,京都サンガF.C.,2,1,J1
2025-04-18T14:03:00+09:00,ＦＣ大阪,ザスパ群馬,4,3,J3
2025-04-19T14:03:00+09:00,アルビレックス新潟,京都サンガF.C.,1,2,J1
2025-04-19T14:03:00+09:00,サガン鳥栖,レノファ山口ＦＣ,2,2,J2
2025-04-19T14:03:00+09:00,モンテディオ山形,愛媛ＦＣ,2,3,J2
2025-04-19T14:04:00+09:00,ヴァンフォーレ甲府,Ｖ・ファーレン長崎,1,1,J2
2025-04-19T14:04:00+09:00,奈良クラブ,沼津,1,0,J3
2025-04-20T13:03:00+09:00,ロアッソ熊本,ベガルタ仙台,0,1,J2
2025-04-20T13:03:00+09:00,ヴァンラーレ八戸,ＡＣ長野パルセイロ,1,0,J3
2025-04-20T13:03:00+09:00,福島ユナイテッドＦＣ,高知ユナイテッドＳＣ,3,4,J3
2025-04-20T14:03:00+09:00,横浜ＦＣ,ガンバ大阪,1,1,J1
2025-04-20T14:03:00+09:00,名古屋グランパス,サンフレッチェ広島,2,1,J1
2025-04-20T14:03:00+09:00,ヴィッセル神戸,ＦＣ町田ゼルビア,1,0,J1
2025-04-20T14:03:00+09:00,ファジアーノ岡山,鹿島アントラーズ,1,2,J1
2025-04-20T14:03:00+09:00,ブラウブリッツ秋田,ジュビロ磐田,2,1,J2
2025-04-20T14:03:00+09:00,ジェフユナイテッド千葉,大分トリニータ,1,0,J2
2025-04-20T14:03:00+09:00,カターレ富山,いわきＦＣ,1,2,J2
2025-04-20T14:03:00+09:00,ＦＣ今治,ＲＢ大宮アルディージャ,0,0,J2
2025-04-20T14:03:00+09:00,北海道コンサドーレ札幌,藤枝ＭＹＦＣ,2,1,J2
2025-04-20T14:03:00+09:00,徳島ヴォルティス,水戸ホーリーホック,0,1,J2
2025-04-20T14:03:00+09:00,栃木ＳＣ,ツエーゲン金沢,0,1,J3
2025-04-20T14:03:00+09:00,松本山雅ＦＣ,栃木シティ,0,1,J3
2025-04-20T14:03:00+09:00,ガイナーレ鳥取,鹿児島ユナイテッドＦＣ,0,0,J3
2025-04-20T14:03:00+09:00,ギラヴァンツ北九州,ＳＣ相模原,1,1,J3
2025-04-20T14:03:00+09:00,ＦＣ岐阜,カマタマーレ讃岐,1,0,J3
2025-04-20T14:04:00+09:00,清水エスパルス,アビスパ福岡,3,1,J1
2025-04-20T15:03:00+09:00,セレッソ大阪,ＦＣ東京,1,1,J1
2025-04-20T15:03:00+09:00,湘南ベルマーレ,柏レイソル,0,1,J1
2025-04-20T15:03:00+09:00,川崎フロンターレ,東京ヴェルディ,0,0,J1
2025-04-20T16:03:00+09:00,浦和レッズ,横浜Ｆ・マリノス,3,1,J1
2025-04-20T17:03:00+09:00,ＦＣ琉球,テゲバジャーロ宮崎,1,1,J3
2025-04-23T19:03:00+09:00,福島ユナイテッドＦＣ,沼津,1,1,J3
2025-04-25T19:03:00+09:00,東京ヴェルディ,セレッソ大阪,1,0,J1
2025-04-25T19:03:00+09:00,ＦＣ町田ゼルビア,湘南ベルマーレ,0,1,J1
2025-04-25T19:03:00+09:00,京都サンガF.C.,横浜ＦＣ,2,1,J1
2025-04-25T19:03:00+09:00,アビスパ福岡,ファジアーノ岡山,1,1,J1
2025-04-25T19:03:00+09:00,鹿島アントラーズ,名古屋グランパス,1,0,J1
2025-04-25T19:03:00+09:00,ジュビロ磐田,大分トリニータ,0,3,J2
2025-04-25T19:03:00+09:00,サガン鳥栖,モンテディオ山形,2,1,J2
2025-04-25T19:03:00+09:00,Ｖ・ファーレン長崎,いわきＦＣ,3,4,J2
2025-04-25T19:03:00+09:00,藤枝ＭＹＦＣ,ロアッソ熊本,0,2,J2
2025-04-25T19:03:00+09:00,ベガルタ仙台,愛媛ＦＣ,1,1,J2
2025-04-25T19:03:00+09:00,ジェフユナイテッド千葉,ブラウブリッツ秋田,3,1,J2
2025-04-25T19:03:00+09:00,水戸ホーリーホック,ヴァンフォーレ甲府,0,0,J2
2025-04-25T19:03:00+09:00,ＲＢ大宮アルディージャ,北海道コンサドーレ札幌,1,0,J2
2025-04-25T19:33:00+09:00,ＦＣ東京,ガンバ大阪,3,0,J1
2025-04-25T19:33:00+09:00,浦和レッズ,サンフレッチェ広島,1,0,J1
2025-04-26T14:03:00+09:00,柏レイソル,アルビレックス新潟,1,1,J1
2025-04-26T14:03:00+09:00,レノファ山口ＦＣ,ＦＣ今治,1,2,J2
2025-04-26T14:03:00+09:00,徳島ヴォルティス,カターレ富山,1,0,J2
2025-04-26T14:03:00+09:00,ギラヴァンツ北九州,松本山雅ＦＣ,1,2,J3
2025-04-27T13:03:00+09:00,ヴァンラーレ八戸,ツエーゲン金沢,2,0,J3
2025-04-29T13:09:00+09:00,ＦＣ東京,清水エスパルス,0,2,J1
2025-04-29T14:03:00+09:00,サンフレッチェ広島,アルビレックス新潟,0,1,J1
2025-04-29T14:03:00+09:00,ファジアーノ岡山,東京ヴェルディ,0,1,J1
2025-04-29T14:03:00+09:00,名古屋グランパス,柏レイソル,1,2,J1
2025-04-29T14:03:00+09:00,横浜ＦＣ,鹿島アントラーズ,0,3,J1
2025-04-29T14:03:00+09:00,ロアッソ熊本,ジェフユナイテッド千葉,0,0,J2
2025-04-29T14:03:00+09:00,水戸ホーリーホック,ＦＣ今治,0,0,J2
2025-04-29T14:03:00+09:00,いわきＦＣ,ＲＢ大宮アルディージャ,2,1,J2
2025-04-29T14:03:00+09:00,北海道コンサドーレ札幌,Ｖ・ファーレン長崎,2,2,J2
2025-04-29T14:03:00+09:00,カターレ富山,モンテディオ山形,0,0,J2
2025-04-29T14:03:00+09:00,大分トリニータ,サガン鳥栖,1,0,J2
2025-04-29T14:03:00+09:00,ブラウブリッツ秋田,徳島ヴォルティス,0,2,J2
2025-04-29T14:03:00+09:00,ヴァンフォーレ甲府,ベガルタ仙台,1,2,J2
2025-04-29T15:03:00+09:00,ガンバ大阪,京都サンガF.C.,2,1,J1
2025-04-29T15:03:00+09:00,セレッソ大阪,ＦＣ町田ゼルビア,1,2,J1
2025-04-29T15:03:00+09:00,湘南ベルマーレ,アビスパ福岡,0,0,J1
2025-04-29T15:03:00+09:00,ジュビロ磐田,レノファ山口ＦＣ,0,1,J2
2025-04-29T15:03:00+09:00,愛媛ＦＣ,藤枝ＭＹＦＣ,2,4,J2
2025-05-03T13:03:00+09:00,サンフレッチェ広島,アビスパ福岡,2,1,J1
2025-05-03T13:03:00+09:00,ベガルタ仙台,レノファ山口ＦＣ,3,1,J2
2025-05-03T13:05:00+09:00,いわきＦＣ,ブラウブリッツ秋田,1,1,J2
2025-05-03T13:33:00+09:00,ヴァンフォーレ甲府,徳島ヴォルティス,0,2,J2
2025-05-03T14:03:00+09:00,アルビレックス新潟,ＦＣ東京,2,3,J1
2025-05-03T14:03:00+09:00,清水エスパルス,名古屋グランパス,0,3,J1
2025-05-03T14:03:00+09:00,ＲＢ大宮アルディージャ,カターレ富山,2,2,J2
2025-05-03T14:03:00+09:00,モンテディオ山形,北海道コンサドーレ札幌,0,1,J2
2025-05-03T14:03:00+09:00,サガン鳥栖,ジェフユナイテッド千葉,1,1,J2
2025-05-03T14:03:00+09:00,大分トリニータ,ロアッソ熊本,1,0,J2
2025-05-03T14:03:00+09:00,藤枝ＭＹＦＣ,水戸ホーリーホック,0,2,J2
2025-05-03T14:03:00+09:00,ＦＣ今治,ジュビロ磐田,3,3,J2
2025-05-03T14:03:00+09:00,ザスパ群馬,ＦＣ岐阜,1,1,J3
2025-05-03T14:03:00+09:00,鹿児島ユナイテッドＦＣ,奈良クラブ,1,2,J3
2025-05-03T14:03:00+09:00,テゲバジャーロ宮崎,高知ユナイテッドＳＣ,3,2,J3
2025-05-03T14:03:00+09:00,ガイナーレ鳥取,ＦＣ琉球,2,0,J3
2025-05-03T14:03:00+09:00,栃木シティ,ＦＣ大阪,2,1,J3
2025-05-03T14:03:00+09:00,カマタマーレ讃岐,福島ユナイテッドＦＣ,1,2,J3
2025-05-03T14:03:00+09:00,沼津,ヴァンラーレ八戸,0,1,J3
2025-05-03T14:03:00+09:00,ギラヴァンツ北九州,栃木ＳＣ,0,0,J3
2025-05-03T15:02:00+09:00,松本山雅ＦＣ,ツエーゲン金沢,2,1,J3
2025-05-03T15:03:00+09:00,ガンバ大阪,湘南ベルマーレ,4,0,J1
2025-05-03T15:03:00+09:00,鹿島アントラーズ,ＦＣ町田ゼルビア,1,0,J1
2025-05-03T15:03:00+09:00,浦和レッズ,東京ヴェルディ,2,0,J1
2025-05-03T15:03:00+09:00,ヴィッセル神戸,ファジアーノ岡山,2,0,J1
2025-05-03T16:03:00+09:00,Ｖ・ファーレン長崎,愛媛ＦＣ,1,1,J2
2025-05-03T18:03:00+09:00,ＡＣ長野パルセイロ,ＳＣ相模原,1,1,J3
2025-05-03T19:03:00+09:00,京都サンガF.C.,セレッソ大阪,2,3,J1
2025-05-06T13:03:00+09:00,ベガルタ仙台,藤枝ＭＹＦＣ,2,1,J2
2025-05-06T13:58:00+09:00,福島ユナイテッドＦＣ,ザスパ群馬,2,4,J3
2025-05-06T14:00:00+09:00,カターレ富山,Ｖ・ファーレン長崎,1,2,J2
2025-05-06T14:03:00+09:00,浦和レッズ,ガンバ大阪,0,1,J1
2025-05-06T14:03:00+09:00,アビスパ福岡,鹿島アントラーズ,0,1,J1
2025-05-06T14:03:00+09:00,ヴィッセル神戸,セレッソ大阪,1,3,J1
2025-05-06T14:03:00+09:00,レノファ山口ＦＣ,水戸ホーリーホック,1,2,J2
2025-05-06T14:03:00+09:00,モンテディオ山形,大分トリニータ,3,0,J2
2025-05-06T14:03:00+09:00,北海道コンサドーレ札幌,ジュビロ磐田,2,4,J2
2025-05-06T14:03:00+09:00,ＳＣ相模原,ガイナーレ鳥取,1,0,J3
2025-05-06T14:03:00+09:00,高知ユナイテッドＳＣ,カマタマーレ讃岐,0,2,J3
2025-05-06T14:03:00+09:00,ツエーゲン金沢,ギラヴァンツ北九州,0,1,J3
2025-05-06T14:03:00+09:00,ヴァンラーレ八戸,栃木シティ,0,0,J3
2025-05-06T14:03:00+09:00,奈良クラブ,テゲバジャーロ宮崎,0,1,J3
2025-05-06T14:05:00+09:00,栃木ＳＣ,ＡＣ長野パルセイロ,1,0,J3
2025-05-06T15:03:00+09:00,名古屋グランパス,ファジアーノ岡山,0,0,J1
2025-05-06T15:03:00+09:00,愛媛ＦＣ,いわきＦＣ,1,1,J2
2025-05-06T15:03:00+09:00,ブラウブリッツ秋田,ヴァンフォーレ甲府,0,1,J2
2025-05-06T15:03:00+09:00,ロアッソ熊本,ＦＣ今治,0,1,J2
2025-05-06T15:53:00+09:00,徳島ヴォルティス,サガン鳥栖,0,1,J2
2025-05-06T16:03:00+09:00,東京ヴェルディ,横浜ＦＣ,2,0,J1
2025-05-06T16:03:00+09:00,柏レイソル,清水エスパルス,1,0,J1
2025-05-06T16:06:00+09:00,ジェフユナイテッド千葉,ＲＢ大宮アルディージャ,1,2,J2
2025-05-06T18:03:00+09:00,ＦＣ琉球,鹿児島ユナイテッドＦＣ,1,2,J3
2025-05-06T19:03:00+09:00,ＦＣ岐阜,沼津,3,2,J3
2025-05-07T19:03:00+09:00,湘南ベルマーレ,サンフレッチェ広島,0,1,J1
2025-05-07T19:03:00+09:00,ＦＣ町田ゼルビア,京都サンガF.C.,1,2,J1
2025-05-07T19:03:00+09:00,ＦＣ大阪,松本山雅ＦＣ,1,0,J3
2025-05-10T14:03:00+09:00,横浜ＦＣ,アビスパ福岡,1,0,J1
2025-05-10T14:03:00+09:00,ＲＢ大宮アルディージャ,ベガルタ仙台,3,0,J2
2025-05-10T15:03:00+09:00,ＦＣ東京,ヴィッセル神戸,1,0,J1
2025-05-10T16:03:00+09:00,柏レイソル,ファジアーノ岡山,2,0,J1
2025-05-11T13:03:00+09:00,いわきＦＣ,北海道コンサドーレ札幌,1,1,J2
2025-05-11T13:03:00+09:00,ジュビロ磐田,藤枝ＭＹＦＣ,1,0,J2
2025-05-11T13:08:00+09:00,清水エスパルス,ＦＣ町田ゼルビア,2,2,J1
2025-05-11T13:10:00+09:00,鹿島アントラーズ,川崎フロンターレ,2,1,J1
2025-05-11T14:03:00+09:00,京都サンガF.C.,名古屋グランパス,1,1,J1
2025-05-11T14:03:00+09:00,ＦＣ今治,ジェフユナイテッド千葉,0,1,J2
2025-05-11T14:03:00+09:00,徳島ヴォルティス,レノファ山口ＦＣ,2,0,J2
2025-05-11T14:03:00+09:00,Ｖ・ファーレン長崎,モンテディオ山形,1,1,J2
2025-05-11T14:03:00+09:00,サガン鳥栖,ヴァンフォーレ甲府,0,0,J2
2025-05-11T14:03:00+09:00,水戸ホーリーホック,ブラウブリッツ秋田,2,1,J2
2025-05-11T14:08:00+09:00,アルビレックス新潟,浦和レッズ,1,1,J1
2025-05-11T14:08:00+09:00,カターレ富山,大分トリニータ,1,1,J2
2025-05-11T15:03:00+09:00,東京ヴェルディ,湘南ベルマーレ,0,2,J1
2025-05-11T15:03:00+09:00,ガンバ大阪,サンフレッチェ広島,0,1,J1
2025-05-11T15:03:00+09:00,セレッソ大阪,横浜Ｆ・マリノス,1,0,J1
2025-05-11T15:03:00+09:00,ロアッソ熊本,愛媛ＦＣ,2,2,J2
2025-05-14T19:03:00+09:00,川崎フロンターレ,横浜ＦＣ,2,1,J1
2025-05-14T19:03:00+09:00,横浜Ｆ・マリノス,柏レイソル,0,2,J1
2025-05-14T19:03:00+09:00,松本山雅ＦＣ,ＡＣ長野パルセイロ,2,2,J3
2025-05-17T13:34:00+09:00,ヴァンフォーレ甲府,ＦＣ今治,1,0,J2
2025-05-17T14:03:00+09:00,サンフレッチェ広島,東京ヴェルディ,2,1,J1
2025-05-17T14:03:00+09:00,ヴィッセル神戸,ガンバ大阪,3,2,J1
2025-05-17T14:03:00+09:00,横浜Ｆ・マリノス,京都サンガF.C.,0,3,J1
2025-05-17T14:03:00+09:00,ジュビロ磐田,いわきＦＣ,2,0,J2
2025-05-17T14:03:00+09:00,水戸ホーリーホック,ロアッソ熊本,2,1,J2
2025-05-17T14:03:00+09:00,北海道コンサドーレ札幌,カターレ富山,2,1,J2
2025-05-17T14:03:00+09:00,ジェフユナイテッド千葉,ベガルタ仙台,0,0,J2
2025-05-17T14:03:00+09:00,ブラウブリッツ秋田,サガン鳥栖,1,2,J2
2025-05-17T14:03:00+09:00,藤枝ＭＹＦＣ,ＲＢ大宮アルディージャ,0,1,J2
2025-05-17T14:03:00+09:00,栃木シティ,ＦＣ岐阜,1,0,J3
2025-05-17T14:03:00+09:00,鹿児島ユナイテッドＦＣ,福島ユナイテッドＦＣ,5,0,J3
2025-05-17T14:03:00+09:00,ザスパ群馬,高知ユナイテッドＳＣ,2,2,J3
2025-05-17T14:03:00+09:00,奈良クラブ,栃木ＳＣ,0,0,J3
2025-05-17T14:03:00+09:00,テゲバジャーロ宮崎,ツエーゲン金沢,1,1,J3
2025-05-17T14:04:00+09:00,ＦＣ町田ゼルビア,柏レイソル,3,0,J1
2025-05-17T14:35:00+09:00,アビスパ福岡,名古屋グランパス,1,1,J1
2025-05-17T15:03:00+09:00,湘南ベルマーレ,横浜ＦＣ,0,1,J1
2025-05-17T15:04:00+09:00,鹿島アントラーズ,清水エスパルス,1,0,J1
2025-05-17T16:03:00+09:00,浦和レッズ,ＦＣ東京,3,2,J1
2025-05-17T19:03:00+09:00,ＦＣ琉球,ギラヴァンツ北九州,0,1,J3
2025-05-18T13:03:00+09:00,松本山雅ＦＣ,ガイナーレ鳥取,1,0,J3
2025-05-18T14:03:00+09:00,レノファ山口ＦＣ,モンテディオ山形,1,0,J2
2025-05-18T14:03:00+09:00,大分トリニータ,Ｖ・ファーレン長崎,1,2,J2
2025-05-18T14:03:00+09:00,カマタマーレ讃岐,ヴァンラーレ八戸,2,1,J3
2025-05-18T14:03:00+09:00,ＳＣ相模原,ＦＣ大阪,1,2,J3
2025-05-18T14:04:00+09:00,沼津,ＡＣ長野パルセイロ,0,0,J3
2025-05-18T15:03:00+09:00,川崎フロンターレ,セレッソ大阪,2,0,J1
2025-05-18T15:04:00+09:00,ファジアーノ岡山,アルビレックス新潟,2,1,J1
2025-05-18T18:03:00+09:00,愛媛ＦＣ,徳島ヴォルティス,0,2,J2
2025-05-21T19:03:00+09:00,川崎フロンターレ,浦和レッズ,2,2,J1
2025-05-21T19:03:00+09:00,横浜Ｆ・マリノス,ヴィッセル神戸,1,2,J1
2025-05-24T15:03:00+09:00,セレッソ大阪,アビスパ福岡,2,0,J1
2025-05-24T17:33:00+09:00,名古屋グランパス,浦和レッズ,2,1,J1
2025-05-25T13:03:00+09:00,ファジアーノ岡山,ＦＣ町田ゼルビア,2,2,J1
2025-05-25T13:03:00+09:00,いわきＦＣ,ベガルタ仙台,1,2,J2
2025-05-25T14:03:00+09:00,アルビレックス新潟,湘南ベルマーレ,2,1,J1
2025-05-25T14:03:00+09:00,清水エスパルス,ヴィッセル神戸,3,2,J1
2025-05-25T14:03:00+09:00,横浜Ｆ・マリノス,鹿島アントラーズ,3,1,J1
2025-05-25T14:03:00+09:00,横浜ＦＣ,柏レイソル,1,1,J1
2025-05-25T14:03:00+09:00,レノファ山口ＦＣ,藤枝ＭＹＦＣ,0,0,J2
2025-05-25T14:03:00+09:00,モンテディオ山形,ヴァンフォーレ甲府,0,4,J2
2025-05-25T14:03:00+09:00,Ｖ・ファーレン長崎,ジェフユナイテッド千葉,1,0,J2
2025-05-25T14:03:00+09:00,サガン鳥栖,北海道コンサドーレ札幌,2,1,J2
2025-05-25T14:04:00+09:00,徳島ヴォルティス,ジュビロ磐田,1,1,J2
2025-05-25T15:03:00+09:00,東京ヴェルディ,京都サンガF.C.,1,0,J1
2025-05-25T15:04:00+09:00,ＦＣ東京,サンフレッチェ広島,0,3,J1
2025-05-25T16:03:00+09:00,川崎フロンターレ,ガンバ大阪,2,2,J1
2025-05-25T16:03:00+09:00,ロアッソ熊本,ブラウブリッツ秋田,1,2,J2
2025-05-28T19:33:00+09:00,浦和レッズ,セレッソ大阪,0,0,J1
2025-05-31T14:03:00+09:00,名古屋グランパス,アルビレックス新潟,3,0,J1
2025-05-31T14:03:00+09:00,ＦＣ町田ゼルビア,横浜Ｆ・マリノス,0,3,J1
2025-05-31T14:03:00+09:00,ＲＢ大宮アルディージャ,ジュビロ磐田,2,2,J2
2025-05-31T14:03:00+09:00,ベガルタ仙台,北海道コンサドーレ札幌,1,1,J2
2025-05-31T14:03:00+09:00,ジェフユナイテッド千葉,レノファ山口ＦＣ,0,0,J2
2025-05-31T14:03:00+09:00,ブラウブリッツ秋田,カターレ富山,2,2,J2
2025-05-31T14:03:00+09:00,サガン鳥栖,愛媛ＦＣ,2,2,J2
2025-05-31T14:03:00+09:00,水戸ホーリーホック,Ｖ・ファーレン長崎,3,0,J2
2025-05-31T14:03:00+09:00,藤枝ＭＹＦＣ,モンテディオ山形,2,1,J2
2025-05-31T14:03:00+09:00,ガイナーレ鳥取,栃木シティ,1,0,J3
2025-05-31T14:03:00+09:00,ギラヴァンツ北九州,テゲバジャーロ宮崎,1,1,J3
2025-05-31T14:03:00+09:00,ザスパ群馬,沼津,0,0,J3
2025-05-31T14:03:00+09:00,ＡＣ長野パルセイロ,奈良クラブ,1,0,J3
2025-05-31T14:03:00+09:00,ＦＣ大阪,鹿児島ユナイテッドＦＣ,3,0,J3
2025-05-31T14:04:00+09:00,アビスパ福岡,東京ヴェルディ,0,0,J1
2025-05-31T16:03:00+09:00,柏レイソル,ヴィッセル神戸,1,3,J1
2025-05-31T17:33:00+09:00,サンフレッチェ広島,川崎フロンターレ,1,2,J1
2025-05-31T18:03:00+09:00,ガンバ大阪,鹿島アントラーズ,0,1,J1
2025-05-31T18:10:00+09:00,ＦＣ今治,徳島ヴォルティス,0,1,J2
2025-05-31T19:03:00+09:00,京都サンガF.C.,ＦＣ東京,3,0,J1
2025-05-31T19:03:00+09:00,大分トリニータ,ヴァンフォーレ甲府,2,1,J2
2025-05-31T19:03:00+09:00,栃木ＳＣ,カマタマーレ讃岐,1,0,J3
2025-06-01T14:03:00+09:00,いわきＦＣ,ロアッソ熊本,5,1,J2
2025-06-01T14:03:00+09:00,ヴァンラーレ八戸,松本山雅ＦＣ,2,0,J3
2025-06-01T14:03:00+09:00,ツエーゲン金沢,ＦＣ琉球,1,2,J3
2025-06-01T14:03:00+09:00,福島ユナイテッドＦＣ,ＳＣ相模原,3,3,J3
2025-06-01T15:03:00+09:00,セレッソ大阪,清水エスパルス,4,2,J1
2025-06-01T15:03:00+09:00,湘南ベルマーレ,ファジアーノ岡山,1,1,J1
2025-06-01T16:04:00+09:00,浦和レッズ,横浜ＦＣ,2,1,J1
2025-06-01T19:03:00+09:00,ＦＣ岐阜,高知ユナイテッドＳＣ,1,1,J3
2025-06-07T14:03:00+09:00,カマタマーレ讃岐,ＦＣ大阪,0,3,J3
2025-06-07T14:03:00+09:00,松本山雅ＦＣ,福島ユナイテッドＦＣ,1,2,J3
2025-06-07T18:03:00+09:00,ＦＣ今治,大分トリニータ,1,1,J2
2025-06-07T18:03:00+09:00,鹿児島ユナイテッドＦＣ,ＦＣ岐阜,3,2,J3
2025-06-07T19:03:00+09:00,テゲバジャーロ宮崎,ＳＣ相模原,4,2,J3
2025-06-07T19:03:00+09:00,栃木ＳＣ,ザスパ群馬,0,1,J3
2025-06-08T13:03:00+09:00,ヴァンラーレ八戸,ＦＣ琉球,1,0,J3
2025-06-08T14:03:00+09:00,ＲＢ大宮アルディージャ,愛媛ＦＣ,1,1,J2
2025-06-08T14:03:00+09:00,カターレ富山,水戸ホーリーホック,0,1,J2
2025-06-08T14:03:00+09:00,栃木シティ,ギラヴァンツ北九州,1,0,J3
2025-06-08T14:03:00+09:00,ガイナーレ鳥取,ＡＣ長野パルセイロ,2,0,J3
2025-06-08T14:03:00+09:00,沼津,ツエーゲン金沢,3,1,J3
2025-06-08T14:04:00+09:00,高知ユナイテッドＳＣ,奈良クラブ,3,2,J3
2025-06-14T14:05:00+09:00,ギラヴァンツ北九州,沼津,1,0,J3
2025-06-14T15:03:00+09:00,奈良クラブ,ガイナーレ鳥取,1,0,J3
2025-06-14T15:03:00+09:00,ＡＣ長野パルセイロ,ＦＣ岐阜,1,2,J3
2025-06-14T17:03:00+09:00,ＳＣ相模原,高知ユナイテッドＳＣ,0,0,J3
2025-06-14T17:33:00+09:00,湘南ベルマーレ,ＦＣ町田ゼルビア,1,2,J1
2025-06-14T18:03:00+09:00,横浜ＦＣ,川崎フロンターレ,0,1,J1
2025-06-14T18:03:00+09:00,鹿島アントラーズ,サンフレッチェ広島,1,1,J1
2025-06-14T18:03:00+09:00,水戸ホーリーホック,サガン鳥栖,1,0,J2
2025-06-14T18:03:00+09:00,鹿児島ユナイテッドＦＣ,ヴァンラーレ八戸,1,1,J3
2025-06-14T18:03:00+09:00,ＦＣ琉球,松本山雅ＦＣ,0,3,J3
2025-06-14T18:03:00+09:00,ツエーゲン金沢,栃木シティ,1,2,J3
2025-06-14T19:03:00+09:00,ＦＣ東京,セレッソ大阪,2,2,J1
2025-06-14T19:03:00+09:00,テゲバジャーロ宮崎,ＦＣ大阪,0,0,J3
2025-06-15T14:03:00+09:00,アルビレックス新潟,横浜Ｆ・マリノス,1,0,J1
2025-06-15T14:03:00+09:00,レノファ山口ＦＣ,いわきＦＣ,2,2,J2
2025-06-15T14:03:00+09:00,カターレ富山,藤枝ＭＹＦＣ,0,1,J2
2025-06-15T14:03:00+09:00,北海道コンサドーレ札幌,ＦＣ今治,2,2,J2
2025-06-15T16:01:00+09:00,モンテディオ山形,ベガルタ仙台,3,4,J2
2025-06-15T16:03:00+09:00,福島ユナイテッドＦＣ,栃木ＳＣ,2,2,J3
2025-06-15T17:03:00+09:00,Ｖ・ファーレン長崎,ＲＢ大宮アルディージャ,3,3,J2
2025-06-15T17:03:00+09:00,ジュビロ磐田,愛媛ＦＣ,4,0,J2
2025-06-15T18:03:00+09:00,ヴィッセル神戸,名古屋グランパス,2,1,J1
2025-06-15T18:03:00+09:00,大分トリニータ,ブラウブリッツ秋田,1,2,J2
2025-06-15T18:04:00+09:00,東京ヴェルディ,柏レイソル,0,3,J1
2025-06-15T18:04:00+09:00,ファジアーノ岡山,アビスパ福岡,0,1,J1
2025-06-15T18:33:00+09:00,清水エスパルス,ガンバ大阪,0,0,J1
2025-06-15T18:33:00+09:00,ヴァンフォーレ甲府,ロアッソ熊本,1,1,J2
2025-06-15T19:03:00+09:00,徳島ヴォルティス,ジェフユナイテッド千葉,3,3,J2
2025-06-15T19:03:00+09:00,ザスパ群馬,カマタマーレ讃岐,3,3,J3
2025-06-21T14:03:00+09:00,カマタマーレ讃岐,ＡＣ長野パルセイロ,0,1,J3
2025-06-21T14:03:00+09:00,高知ユナイテッドＳＣ,ギラヴァンツ北九州,3,2,J3
2025-06-21T16:03:00+09:00,ＦＣ町田ゼルビア,鹿島アントラーズ,2,1,J1
2025-06-21T16:03:00+09:00,アビスパ福岡,アルビレックス新潟,3,2,J1
2025-06-21T16:03:00+09:00,いわきＦＣ,カターレ富山,3,1,J2
2025-06-21T18:03:00+09:00,ＦＣ今治,水戸ホーリーホック,1,2,J2
2025-06-21T18:03:00+09:00,愛媛ＦＣ,レノファ山口ＦＣ,2,0,J2
2025-06-21T18:03:00+09:00,奈良クラブ,栃木シティ,2,1,J3
2025-06-21T18:03:00+09:00,松本山雅ＦＣ,鹿児島ユナイテッドＦＣ,1,1,J3
2025-06-21T18:03:00+09:00,沼津,ＦＣ琉球,0,2,J3
2025-06-21T18:04:00+09:00,ツエーゲン金沢,ＳＣ相模原,0,0,J3
2025-06-21T18:33:00+09:00,セレッソ大阪,東京ヴェルディ,2,1,J1
2025-06-21T19:03:00+09:00,川崎フロンターレ,ヴィッセル神戸,1,2,J1
2025-06-21T19:03:00+09:00,柏レイソル,京都サンガF.C.,3,3,J1
2025-06-21T19:03:00+09:00,名古屋グランパス,清水エスパルス,1,1,J1
2025-06-21T19:03:00+09:00,横浜Ｆ・マリノス,ファジアーノ岡山,0,1,J1
2025-06-21T19:03:00+09:00,ジェフユナイテッド千葉,ジュビロ磐田,0,1,J2
2025-06-21T19:03:00+09:00,徳島ヴォルティス,大分トリニータ,2,0,J2
2025-06-21T19:03:00+09:00,藤枝ＭＹＦＣ,北海道コンサドーレ札幌,1,3,J2
2025-06-21T19:03:00+09:00,ＲＢ大宮アルディージャ,サガン鳥栖,0,0,J2
2025-06-21T19:03:00+09:00,ガイナーレ鳥取,栃木ＳＣ,2,1,J3
2025-06-21T19:03:00+09:00,ＦＣ岐阜,テゲバジャーロ宮崎,2,3,J3
2025-06-22T13:39:00+09:00,ロアッソ熊本,Ｖ・ファーレン長崎,1,3,J2
2025-06-22T14:03:00+09:00,ヴァンラーレ八戸,ザスパ群馬,2,0,J3
2025-06-22T14:05:00+09:00,ブラウブリッツ秋田,モンテディオ山形,2,3,J2
2025-06-22T15:03:00+09:00,ＦＣ大阪,福島ユナイテッドＦＣ,7,1,J3
2025-06-22T18:03:00+09:00,横浜ＦＣ,サンフレッチェ広島,0,4,J1
2025-06-22T18:04:00+09:00,ベガルタ仙台,ヴァンフォーレ甲府,0,0,J2
2025-06-22T18:33:00+09:00,ガンバ大阪,ＦＣ東京,2,0,J1
2025-06-25T19:03:00+09:00,川崎フロンターレ,アルビレックス新潟,3,1,J1
2025-06-25T19:33:00+09:00,横浜Ｆ・マリノス,ＦＣ東京,0,3,J1
2025-06-27T13:03:00+09:00,福島ユナイテッドＦＣ,ヴァンラーレ八戸,0,1,J3
2025-06-28T14:04:00+09:00,北海道コンサドーレ札幌,ロアッソ熊本,3,2,J2
2025-06-28T18:03:00+09:00,鹿島アントラーズ,ファジアーノ岡山,1,2,J1
2025-06-28T18:03:00+09:00,水戸ホーリーホック,徳島ヴォルティス,1,1,J2
2025-06-28T18:03:00+09:00,カターレ富山,ジェフユナイテッド千葉,1,0,J2
2025-06-28T18:03:00+09:00,ＳＣ相模原,沼津,3,1,J3
2025-06-28T18:03:00+09:00,栃木シティ,鹿児島ユナイテッドＦＣ,2,1,J3
2025-06-28T18:03:00+09:00,ギラヴァンツ北九州,ガイナーレ鳥取,1,2,J3
2025-06-28T18:03:00+09:00,ＦＣ琉球,ＦＣ岐阜,1,0,J3
2025-06-28T18:33:00+09:00,清水エスパルス,柏レイソル,0,2,J1
2025-06-28T18:34:00+09:00,ヴァンフォーレ甲府,愛媛ＦＣ,0,0,J2
2025-06-28T19:03:00+09:00,京都サンガF.C.,ガンバ大阪,3,1,J1
2025-06-28T19:03:00+09:00,サンフレッチェ広島,名古屋グランパス,1,2,J1
2025-06-28T19:03:00+09:00,アビスパ福岡,ヴィッセル神戸,0,0,J1
2025-06-28T19:03:00+09:00,ＦＣ東京,横浜ＦＣ,2,1,J1
2025-06-28T19:03:00+09:00,湘南ベルマーレ,横浜Ｆ・マリノス,1,1,J1
2025-06-28T19:03:00+09:00,サガン鳥栖,いわきＦＣ,1,0,J2
2025-06-28T19:03:00+09:00,大分トリニータ,ＲＢ大宮アルディージャ,0,0,J2
2025-06-28T19:03:00+09:00,藤枝ＭＹＦＣ,ＦＣ今治,0,0,J2
2025-06-28T19:03:00+09:00,レノファ山口ＦＣ,ブラウブリッツ秋田,1,1,J2
2025-06-28T19:03:00+09:00,モンテディオ山形,Ｖ・ファーレン長崎,1,2,J2
2025-06-28T19:03:00+09:00,ザスパ群馬,ツエーゲン金沢,0,1,J3
2025-06-28T19:03:00+09:00,テゲバジャーロ宮崎,カマタマーレ讃岐,1,0,J3
2025-06-28T19:03:00+09:00,栃木ＳＣ,松本山雅ＦＣ,3,1,J3
2025-06-28T19:33:00+09:00,ジュビロ磐田,ベガルタ仙台,0,1,J2
2025-06-29T18:03:00+09:00,アルビレックス新潟,ＦＣ町田ゼルビア,0,4,J1
2025-06-29T18:03:00+09:00,東京ヴェルディ,川崎フロンターレ,1,0,J1
2025-06-29T19:03:00+09:00,高知ユナイテッドＳＣ,ＡＣ長野パルセイロ,1,0,J3
2025-06-30T19:03:00+09:00,ＦＣ大阪,奈良クラブ,1,1,J3
2025-07-02T19:03:00+09:00,ヴィッセル神戸,サンフレッチェ広島,1,0,J1
2025-07-05T14:03:00+09:00,北海道コンサドーレ札幌,レノファ山口ＦＣ,1,0,J2
2025-07-05T18:03:00+09:00,ＦＣ町田ゼルビア,清水エスパルス,3,0,J1
2025-07-05T18:03:00+09:00,Ｖ・ファーレン長崎,大分トリニータ,1,0,J2
2025-07-05T18:03:00+09:00,ブラウブリッツ秋田,水戸ホーリーホック,0,2,J2
2025-07-05T18:03:00+09:00,奈良クラブ,ギラヴァンツ北九州,4,0,J3
2025-07-05T18:03:00+09:00,松本山雅ＦＣ,ザスパ群馬,1,3,J3
2025-07-05T18:03:00+09:00,栃木シティ,ＦＣ琉球,3,2,J3
2025-07-05T18:03:00+09:00,沼津,高知ユナイテッドＳＣ,4,0,J3
2025-07-05T18:03:00+09:00,ツエーゲン金沢,福島ユナイテッドＦＣ,2,1,J3
2025-07-05T18:33:00+09:00,ヴァンラーレ八戸,テゲバジャーロ宮崎,2,1,J3
2025-07-05T19:01:00+09:00,ファジアーノ岡山,サンフレッチェ広島,0,1,J1
2025-07-05T19:03:00+09:00,柏レイソル,ＦＣ東京,1,0,J1
2025-07-05T19:03:00+09:00,名古屋グランパス,東京ヴェルディ,0,0,J1
2025-07-05T19:03:00+09:00,ヴィッセル神戸,湘南ベルマーレ,4,0,J1
2025-07-05T19:03:00+09:00,川崎フロンターレ,鹿島アントラーズ,2,1,J1
2025-07-05T19:03:00+09:00,セレッソ大阪,ガンバ大阪,0,1,J1
2025-07-05T19:03:00+09:00,京都サンガF.C.,アルビレックス新潟,2,1,J1
2025-07-05T19:03:00+09:00,横浜ＦＣ,横浜Ｆ・マリノス,0,1,J1
2025-07-05T19:03:00+09:00,ジェフユナイテッド千葉,サガン鳥栖,0,2,J2
2025-07-05T19:03:00+09:00,ＦＣ今治,ヴァンフォーレ甲府,2,4,J2
2025-07-05T19:03:00+09:00,徳島ヴォルティス,藤枝ＭＹＦＣ,0,2,J2
2025-07-05T19:03:00+09:00,ベガルタ仙台,カターレ富山,0,1,J2
2025-07-05T19:03:00+09:00,ＲＢ大宮アルディージャ,いわきＦＣ,1,2,J2
2025-07-05T19:03:00+09:00,ガイナーレ鳥取,カマタマーレ讃岐,1,0,J3
2025-07-05T19:03:00+09:00,鹿児島ユナイテッドＦＣ,栃木ＳＣ,1,0,J3
2025-07-06T18:03:00+09:00,ロアッソ熊本,ジュビロ磐田,2,0,J2
2025-07-06T18:03:00+09:00,ＡＣ長野パルセイロ,ＦＣ大阪,0,0,J3
2025-07-06T19:03:00+09:00,愛媛ＦＣ,モンテディオ山形,1,3,J2
2025-07-06T19:03:00+09:00,ＦＣ岐阜,ＳＣ相模原,1,1,J3
2025-07-12T18:03:00+09:00,いわきＦＣ,Ｖ・ファーレン長崎,1,1,J2
2025-07-12T18:03:00+09:00,水戸ホーリーホック,カターレ富山,3,0,J2
2025-07-12T18:03:00+09:00,ブラウブリッツ秋田,ロアッソ熊本,3,2,J2
2025-07-12T18:03:00+09:00,カマタマーレ讃岐,栃木ＳＣ,4,1,J3
2025-07-12T18:03:00+09:00,沼津,鹿児島ユナイテッドＦＣ,0,0,J3
2025-07-12T18:03:00+09:00,ＳＣ相模原,福島ユナイテッドＦＣ,0,1,J3
2025-07-12T18:03:00+09:00,ＦＣ大阪,テゲバジャーロ宮崎,0,0,J3
2025-07-12T18:03:00+09:00,高知ユナイテッドＳＣ,ツエーゲン金沢,1,1,J3
2025-07-12T18:04:00+09:00,松本山雅ＦＣ,奈良クラブ,3,0,J3
2025-07-12T18:04:00+09:00,ギラヴァンツ北九州,栃木シティ,1,3,J3
2025-07-12T18:08:00+09:00,ＦＣ今治,愛媛ＦＣ,1,0,J2
2025-07-12T18:33:00+09:00,ヴァンラーレ八戸,ＦＣ岐阜,5,1,J3
2025-07-12T18:34:00+09:00,ヴァンフォーレ甲府,ＲＢ大宮アルディージャ,1,0,J2
2025-07-12T19:03:00+09:00,レノファ山口ＦＣ,徳島ヴォルティス,0,0,J2
2025-07-12T19:03:00+09:00,藤枝ＭＹＦＣ,ベガルタ仙台,1,1,J2
2025-07-12T19:03:00+09:00,サガン鳥栖,大分トリニータ,2,1,J2
2025-07-12T19:03:00+09:00,モンテディオ山形,ジェフユナイテッド千葉,0,1,J2
2025-07-12T19:03:00+09:00,ＦＣ琉球,ガイナーレ鳥取,1,0,J3
2025-07-12T19:03:00+09:00,ザスパ群馬,ＡＣ長野パルセイロ,0,0,J3
2025-07-12T19:33:00+09:00,ジュビロ磐田,北海道コンサドーレ札幌,5,1,J2
2025-07-19T18:03:00+09:00,カマタマーレ讃岐,高知ユナイテッドＳＣ,1,2,J3
2025-07-19T18:03:00+09:00,栃木シティ,ザスパ群馬,1,1,J3
2025-07-19T18:04:00+09:00,ＡＣ長野パルセイロ,松本山雅ＦＣ,1,0,J3
2025-07-19T19:03:00+09:00,ＦＣ東京,浦和レッズ,3,2,J1
2025-07-19T19:03:00+09:00,湘南ベルマーレ,セレッソ大阪,3,3,J1
2025-07-19T19:03:00+09:00,ガイナーレ鳥取,沼津,4,3,J3
2025-07-19T19:03:00+09:00,ツエーゲン金沢,ヴァンラーレ八戸,0,1,J3
2025-07-20T18:03:00+09:00,東京ヴェルディ,ＦＣ町田ゼルビア,0,1,J1
2025-07-20T18:03:00+09:00,鹿島アントラーズ,柏レイソル,3,2,J1
2025-07-20T18:03:00+09:00,福島ユナイテッドＦＣ,ＦＣ琉球,3,3,J3
2025-07-20T18:33:00+09:00,清水エスパルス,横浜ＦＣ,2,0,J1
2025-07-20T19:03:00+09:00,ガンバ大阪,川崎フロンターレ,2,1,J1
2025-07-20T19:03:00+09:00,アルビレックス新潟,サンフレッチェ広島,0,2,J1
2025-07-20T19:03:00+09:00,横浜Ｆ・マリノス,名古屋グランパス,3,0,J1
2025-07-20T19:03:00+09:00,ファジアーノ岡山,ヴィッセル神戸,1,2,J1
2025-07-20T19:03:00+09:00,栃木ＳＣ,ＳＣ相模原,1,2,J3
2025-07-21T18:03:00+09:00,アビスパ福岡,京都サンガF.C.,2,2,J1
2025-07-21T19:03:00+09:00,鹿児島ユナイテッドＦＣ,ＦＣ大阪,2,1,J3
2025-07-21T19:03:00+09:00,テゲバジャーロ宮崎,ギラヴァンツ北九州,1,3,J3
2025-07-21T19:03:00+09:00,ＦＣ岐阜,奈良クラブ,1,1,J3
2025-07-23T19:33:00+09:00,浦和レッズ,湘南ベルマーレ,4,1,J1
2025-07-26T18:03:00+09:00,ＦＣ琉球,ＡＣ長野パルセイロ,2,0,J3
2025-07-26T18:03:00+09:00,奈良クラブ,ツエーゲン金沢,2,1,J3
2025-07-26T18:03:00+09:00,栃木シティ,栃木ＳＣ,0,1,J3
2025-07-26T18:03:00+09:00,高知ユナイテッドＳＣ,福島ユナイテッドＦＣ,1,0,J3
2025-07-26T18:03:00+09:00,松本山雅ＦＣ,ＦＣ岐阜,1,0,J3
2025-07-26T18:03:00+09:00,ＦＣ大阪,カマタマーレ讃岐,2,1,J3
2025-07-26T18:03:00+09:00,沼津,ギラヴァンツ北九州,1,3,J3
2025-07-26T18:04:00+09:00,ＳＣ相模原,テゲバジャーロ宮崎,1,0,J3
2025-07-26T18:33:00+09:00,ヴァンラーレ八戸,ガイナーレ鳥取,3,2,J3
2025-07-26T19:03:00+09:00,ザスパ群馬,鹿児島ユナイテッドＦＣ,2,3,J3
2025-07-27T19:03:00+09:00,浦和レッズ,アビスパ福岡,0,0,J1
2025-08-02T14:04:00+09:00,北海道コンサドーレ札幌,サガン鳥栖,1,0,J2
2025-08-02T18:04:00+09:00,カターレ富山,ＲＢ大宮アルディージャ,0,2,J2
2025-08-02T18:04:00+09:00,Ｖ・ファーレン長崎,ベガルタ仙台,0,0,J2
2025-08-02T18:33:00+09:00,ヴァンフォーレ甲府,モンテディオ山形,1,3,J2
2025-08-02T19:03:00+09:00,大分トリニータ,ＦＣ今治,0,1,J2
2025-08-02T19:03:00+09:00,ジェフユナイテッド千葉,いわきＦＣ,2,2,J2
2025-08-02T19:03:00+09:00,藤枝ＭＹＦＣ,レノファ山口ＦＣ,2,2,J2
2025-08-02T19:04:00+09:00,徳島ヴォルティス,愛媛ＦＣ,1,0,J2
2025-08-02T19:33:00+09:00,ジュビロ磐田,ブラウブリッツ秋田,1,4,J2
2025-08-03T19:03:00+09:00,ロアッソ熊本,水戸ホーリーホック,2,1,J2
2025-08-09T18:03:00+09:00,横浜ＦＣ,浦和レッズ,1,2,J1
2025-08-09T18:03:00+09:00,東京ヴェルディ,横浜Ｆ・マリノス,1,0,J1
2025-08-09T18:03:00+09:00,Ｖ・ファーレン長崎,北海道コンサドーレ札幌,2,1,J2
2025-08-09T18:03:00+09:00,ブラウブリッツ秋田,藤枝ＭＹＦＣ,0,0,J2
2025-08-09T19:03:00+09:00,川崎フロンターレ,アビスパ福岡,2,5,J1
2025-08-09T19:03:00+09:00,大分トリニータ,カターレ富山,2,2,J2
2025-08-09T19:03:00+09:00,ＦＣ今治,ロアッソ熊本,3,2,J2
2025-08-09T19:04:00+09:00,ＲＢ大宮アルディージャ,ジェフユナイテッド千葉,0,1,J2
2025-08-10T18:04:00+09:00,いわきＦＣ,ジュビロ磐田,3,1,J2
2025-08-10T18:36:00+09:00,サンフレッチェ広島,清水エスパルス,0,0,J1
2025-08-10T19:03:00+09:00,柏レイソル,湘南ベルマーレ,2,0,J1
2025-08-10T19:03:00+09:00,ＦＣ東京,鹿島アントラーズ,0,1,J1
2025-08-10T19:03:00+09:00,ガンバ大阪,ファジアーノ岡山,0,3,J1
2025-08-10T19:03:00+09:00,愛媛ＦＣ,サガン鳥栖,0,1,J2
2025-08-10T19:04:00+09:00,名古屋グランパス,京都サンガF.C.,1,2,J1
2025-08-10T19:04:00+09:00,モンテディオ山形,水戸ホーリーホック,1,2,J2
2025-08-10T19:05:00+09:00,ＦＣ町田ゼルビア,ヴィッセル神戸,2,0,J1
2025-08-10T19:05:00+09:00,ベガルタ仙台,徳島ヴォルティス,0,2,J2
2025-08-11T19:03:00+09:00,セレッソ大阪,アルビレックス新潟,3,1,J1
2025-08-11T19:05:00+09:00,レノファ山口ＦＣ,ヴァンフォーレ甲府,0,1,J2
2025-08-16T14:03:00+09:00,北海道コンサドーレ札幌,ブラウブリッツ秋田,0,2,J2
2025-08-16T18:03:00+09:00,鹿島アントラーズ,アビスパ福岡,1,1,J1
2025-08-16T18:03:00+09:00,水戸ホーリーホック,ジュビロ磐田,1,3,J2
2025-08-16T18:03:00+09:00,カターレ富山,ＦＣ今治,1,2,J2
2025-08-16T18:03:00+09:00,カマタマーレ讃岐,ＦＣ岐阜,1,1,J3
2025-08-16T18:03:00+09:00,福島ユナイテッドＦＣ,栃木シティ,2,2,J3
2025-08-16T18:03:00+09:00,ＡＣ長野パルセイロ,ヴァンラーレ八戸,0,1,J3
2025-08-16T18:04:00+09:00,ギラヴァンツ北九州,奈良クラブ,0,1,J3
2025-08-16T18:33:00+09:00,清水エスパルス,横浜Ｆ・マリノス,1,3,J1
2025-08-16T19:03:00+09:00,湘南ベルマーレ,ＦＣ東京,2,2,J1
2025-08-16T19:03:00+09:00,サンフレッチェ広島,ガンバ大阪,1,0,J1
2025-08-16T19:03:00+09:00,アルビレックス新潟,川崎フロンターレ,1,1,J1
2025-08-16T19:03:00+09:00,ＦＣ町田ゼルビア,セレッソ大阪,3,0,J1
2025-08-16T19:03:00+09:00,ヴィッセル神戸,横浜ＦＣ,0,1,J1
2025-08-16T19:03:00+09:00,浦和レッズ,名古屋グランパス,2,1,J1
2025-08-16T19:03:00+09:00,ロアッソ熊本,藤枝ＭＹＦＣ,2,1,J2
2025-08-16T19:03:00+09:00,ジェフユナイテッド千葉,徳島ヴォルティス,1,0,J2
2025-08-16T19:03:00+09:00,レノファ山口ＦＣ,ベガルタ仙台,2,2,J2
2025-08-16T19:03:00+09:00,モンテディオ山形,いわきＦＣ,1,0,J2
2025-08-16T19:03:00+09:00,ツエーゲン金沢,テゲバジャーロ宮崎,2,3,J3
2025-08-16T19:03:00+09:00,鹿児島ユナイテッドＦＣ,ＳＣ相模原,3,0,J3
2025-08-16T19:03:00+09:00,栃木ＳＣ,沼津,3,2,J3
2025-08-16T19:03:00+09:00,ザスパ群馬,ＦＣ大阪,2,0,J3
2025-08-16T19:03:00+09:00,ガイナーレ鳥取,高知ユナイテッドＳＣ,1,0,J3
2025-08-16T19:03:00+09:00,松本山雅ＦＣ,ＦＣ琉球,1,1,J3
2025-08-16T19:04:00+09:00,京都サンガF.C.,東京ヴェルディ,1,0,J1
2025-08-17T18:33:00+09:00,ヴァンフォーレ甲府,大分トリニータ,2,0,J2
2025-08-17T19:03:00+09:00,愛媛ＦＣ,ＲＢ大宮アルディージャ,0,3,J2
2025-08-17T19:04:00+09:00,サガン鳥栖,Ｖ・ファーレン長崎,1,2,J2
2025-08-17T19:30:00+09:00,ファジアーノ岡山,柏レイソル,2,1,J1
2025-08-20T19:03:00+09:00,ＦＣ町田ゼルビア,ガンバ大阪,3,1,J1
2025-08-20T19:03:00+09:00,サンフレッチェ広島,ヴィッセル神戸,0,1,J1
2025-08-22T19:03:00+09:00,柏レイソル,浦和レッズ,4,2,J1
2025-08-23T18:03:00+09:00,アビスパ福岡,清水エスパルス,0,0,J1
2025-08-23T18:03:00+09:00,いわきＦＣ,大分トリニータ,4,0,J2
2025-08-23T18:03:00+09:00,ブラウブリッツ秋田,ＦＣ今治,1,2,J2
2025-08-23T18:03:00+09:00,ＳＣ相模原,ギラヴァンツ北九州,1,0,J3
2025-08-23T18:03:00+09:00,栃木シティ,ツエーゲン金沢,1,2,J3
2025-08-23T18:03:00+09:00,ＦＣ琉球,カマタマーレ讃岐,1,1,J3
2025-08-23T18:04:00+09:00,奈良クラブ,高知ユナイテッドＳＣ,3,0,J3
2025-08-23T18:33:00+09:00,ヴァンフォーレ甲府,北海道コンサドーレ札幌,1,2,J2
2025-08-23T18:33:00+09:00,ヴァンラーレ八戸,ＦＣ大阪,1,1,J3
2025-08-23T19:03:00+09:00,ファジアーノ岡山,湘南ベルマーレ,1,0,J1
2025-08-23T19:03:00+09:00,ガンバ大阪,横浜ＦＣ,3,2,J1
2025-08-23T19:03:00+09:00,東京ヴェルディ,サンフレッチェ広島,0,3,J1
2025-08-23T19:03:00+09:00,セレッソ大阪,ヴィッセル神戸,1,1,J1
2025-08-23T19:03:00+09:00,アルビレックス新潟,鹿島アントラーズ,1,2,J1
2025-08-23T19:03:00+09:00,徳島ヴォルティス,モンテディオ山形,1,0,J2
2025-08-23T19:03:00+09:00,サガン鳥栖,水戸ホーリーホック,2,2,J2
2025-08-23T19:03:00+09:00,ＲＢ大宮アルディージャ,ロアッソ熊本,1,0,J2
2025-08-23T19:03:00+09:00,ザスパ群馬,栃木ＳＣ,0,1,J3
2025-08-23T19:03:00+09:00,ガイナーレ鳥取,松本山雅ＦＣ,0,0,J3
2025-08-23T19:04:00+09:00,名古屋グランパス,川崎フロンターレ,3,4,J1
2025-08-23T19:04:00+09:00,藤枝ＭＹＦＣ,愛媛ＦＣ,4,1,J2
2025-08-23T19:04:00+09:00,テゲバジャーロ宮崎,沼津,2,1,J3
2025-08-23T19:33:00+09:00,横浜Ｆ・マリノス,ＦＣ町田ゼルビア,0,0,J1
2025-08-23T19:33:00+09:00,ジュビロ磐田,カターレ富山,2,0,J2
2025-08-24T18:03:00+09:00,Ｖ・ファーレン長崎,レノファ山口ＦＣ,1,0,J2
2025-08-24T19:03:00+09:00,鹿児島ユナイテッドＦＣ,ＡＣ長野パルセイロ,6,0,J3
2025-08-24T19:03:00+09:00,ＦＣ岐阜,福島ユナイテッドＦＣ,0,2,J3
2025-08-24T19:04:00+09:00,ＦＣ東京,京都サンガF.C.,0,4,J1
2025-08-24T19:04:00+09:00,ベガルタ仙台,ジェフユナイテッド千葉,1,0,J2
2025-08-30T14:05:00+09:00,北海道コンサドーレ札幌,ＲＢ大宮アルディージャ,1,0,J2
2025-08-30T18:03:00+09:00,横浜ＦＣ,東京ヴェルディ,0,0,J1
2025-08-30T18:03:00+09:00,水戸ホーリーホック,レノファ山口ＦＣ,2,2,J2
2025-08-30T18:03:00+09:00,ＡＣ長野パルセイロ,ギラヴァンツ北九州,1,1,J3
2025-08-30T18:03:00+09:00,高知ユナイテッドＳＣ,テゲバジャーロ宮崎,1,2,J3
2025-08-30T18:03:00+09:00,松本山雅ＦＣ,ヴァンラーレ八戸,0,0,J3
2025-08-30T18:03:00+09:00,福島ユナイテッドＦＣ,鹿児島ユナイテッドＦＣ,2,2,J3
2025-08-30T18:03:00+09:00,ＦＣ大阪,ＳＣ相模原,0,2,J3
2025-08-30T18:04:00+09:00,沼津,栃木シティ,4,5,J3
2025-08-30T18:33:00+09:00,カターレ富山,ロアッソ熊本,0,1,J2
2025-08-30T19:03:00+09:00,ヴィッセル神戸,横浜Ｆ・マリノス,1,0,J1
2025-08-30T19:03:00+09:00,京都サンガF.C.,ファジアーノ岡山,5,0,J1
2025-08-30T19:03:00+09:00,ＦＣ今治,いわきＦＣ,0,2,J2
2025-08-30T19:03:00+09:00,ジェフユナイテッド千葉,ヴァンフォーレ甲府,2,1,J2
2025-08-30T19:03:00+09:00,モンテディオ山形,サガン鳥栖,3,2,J2
2025-08-30T19:03:00+09:00,徳島ヴォルティス,ブラウブリッツ秋田,1,1,J2
2025-08-30T19:03:00+09:00,ツエーゲン金沢,ガイナーレ鳥取,2,0,J3
2025-08-30T19:03:00+09:00,栃木ＳＣ,奈良クラブ,1,1,J3
2025-08-30T19:04:00+09:00,ＦＣ岐阜,ＦＣ琉球,1,0,J3
2025-08-31T18:03:00+09:00,Ｖ・ファーレン長崎,藤枝ＭＹＦＣ,2,1,J2
2025-08-31T18:03:00+09:00,カマタマーレ讃岐,ザスパ群馬,3,2,J3
2025-08-31T18:33:00+09:00,清水エスパルス,鹿島アントラーズ,1,1,J1
2025-08-31T19:03:00+09:00,湘南ベルマーレ,ガンバ大阪,4,5,J1
2025-08-31T19:03:00+09:00,柏レイソル,アビスパ福岡,2,1,J1
2025-08-31T19:03:00+09:00,名古屋グランパス,ＦＣ東京,1,1,J1
2025-08-31T19:03:00+09:00,浦和レッズ,アルビレックス新潟,1,0,J1
2025-08-31T19:03:00+09:00,セレッソ大阪,サンフレッチェ広島,1,1,J1
2025-08-31T19:03:00+09:00,大分トリニータ,ジュビロ磐田,0,0,J2
2025-08-31T19:03:00+09:00,愛媛ＦＣ,ベガルタ仙台,1,1,J2
2025-08-31T19:04:00+09:00,川崎フロンターレ,ＦＣ町田ゼルビア,5,3,J1
2025-09-06T18:03:00+09:00,ＦＣ琉球,ザスパ群馬,3,2,J3
2025-09-06T18:03:00+09:00,ＳＣ相模原,ＡＣ長野パルセイロ,2,1,J3
2025-09-06T18:03:00+09:00,ギラヴァンツ北九州,ＦＣ岐阜,0,1,J3
2025-09-06T18:03:00+09:00,栃木シティ,松本山雅ＦＣ,3,2,J3
2025-09-06T18:04:00+09:00,奈良クラブ,カマタマーレ讃岐,4,3,J3
2025-09-06T18:33:00+09:00,ヴァンラーレ八戸,沼津,1,0,J3
2025-09-06T19:03:00+09:00,テゲバジャーロ宮崎,栃木ＳＣ,2,3,J3
2025-09-06T19:03:00+09:00,鹿児島ユナイテッドＦＣ,高知ユナイテッドＳＣ,4,1,J3
2025-09-06T19:03:00+09:00,ガイナーレ鳥取,福島ユナイテッドＦＣ,1,2,J3
2025-09-07T18:03:00+09:00,ツエーゲン金沢,ＦＣ大阪,2,1,J3
2025-09-12T19:03:00+09:00,サンフレッチェ広島,京都サンガF.C.,1,1,J1
2025-09-12T19:03:00+09:00,ヴィッセル神戸,柏レイソル,0,0,J1
2025-09-12T19:05:00+09:00,ＦＣ町田ゼルビア,横浜ＦＣ,1,1,J1
2025-09-13T14:03:00+09:00,北海道コンサドーレ札幌,いわきＦＣ,1,5,J2
2025-09-13T18:03:00+09:00,松本山雅ＦＣ,沼津,2,0,J3
2025-09-13T18:03:00+09:00,ギラヴァンツ北九州,ザスパ群馬,1,0,J3
2025-09-13T18:04:00+09:00,アビスパ福岡,セレッソ大阪,2,4,J1
2025-09-13T18:04:00+09:00,藤枝ＭＹＦＣ,大分トリニータ,1,1,J2
2025-09-13T18:04:00+09:00,ＳＣ相模原,ＦＣ岐阜,0,5,J3
2025-09-13T18:05:00+09:00,ベガルタ仙台,水戸ホーリーホック,1,1,J2
2025-09-13T18:05:00+09:00,奈良クラブ,鹿児島ユナイテッドＦＣ,0,2,J3
2025-09-13T18:05:00+09:00,福島ユナイテッドＦＣ,カマタマーレ讃岐,4,2,J3
2025-09-13T18:36:00+09:00,ヴァンフォーレ甲府,サガン鳥栖,2,3,J2
2025-09-13T19:01:00+09:00,ファジアーノ岡山,名古屋グランパス,0,1,J1
2025-09-13T19:03:00+09:00,横浜Ｆ・マリノス,川崎フロンターレ,0,3,J1
2025-09-13T19:03:00+09:00,鹿島アントラーズ,湘南ベルマーレ,3,0,J1
2025-09-13T19:03:00+09:00,ＡＣ長野パルセイロ,ガイナーレ鳥取,1,1,J3
2025-09-13T19:04:00+09:00,ガンバ大阪,浦和レッズ,1,0,J1
2025-09-13T19:05:00+09:00,アルビレックス新潟,清水エスパルス,0,1,J1
2025-09-13T19:05:00+09:00,ジュビロ磐田,ＦＣ今治,1,0,J2
2025-09-13T19:07:00+09:00,ＲＢ大宮アルディージャ,Ｖ・ファーレン長崎,1,2,J2
2025-09-14T18:06:00+09:00,高知ユナイテッドＳＣ,栃木ＳＣ,0,1,J3
2025-09-14T19:03:00+09:00,モンテディオ山形,カターレ富山,3,0,J2
2025-09-14T19:03:00+09:00,ブラウブリッツ秋田,愛媛ＦＣ,3,2,J2
2025-09-14T19:03:00+09:00,レノファ山口ＦＣ,ジェフユナイテッド千葉,2,1,J2
2025-09-14T19:05:00+09:00,テゲバジャーロ宮崎,ヴァンラーレ八戸,1,0,J3
2025-09-15T17:05:00+09:00,ＦＣ大阪,栃木シティ,1,0,J3
2025-09-15T18:04:00+09:00,ＦＣ琉球,ツエーゲン金沢,1,0,J3
2025-09-15T19:04:00+09:00,ＦＣ東京,東京ヴェルディ,1,0,J1
2025-09-15T19:05:00+09:00,ロアッソ熊本,徳島ヴォルティス,2,1,J2
2025-09-19T19:03:00+09:00,ＦＣ大阪,ギラヴァンツ北九州,0,3,J3
2025-09-20T13:58:00+09:00,藤枝ＭＹＦＣ,ジュビロ磐田,2,1,J2
2025-09-20T17:03:00+09:00,名古屋グランパス,湘南ベルマーレ,3,1,J1
2025-09-20T18:03:00+09:00,東京ヴェルディ,ファジアーノ岡山,4,2,J1
2025-09-20T18:03:00+09:00,横浜ＦＣ,アルビレックス新潟,1,0,J1
2025-09-20T18:03:00+09:00,Ｖ・ファーレン長崎,カターレ富山,1,1,J2
2025-09-20T18:03:00+09:00,いわきＦＣ,水戸ホーリーホック,0,0,J2
2025-09-20T18:03:00+09:00,ベガルタ仙台,モンテディオ山形,3,1,J2
2025-09-20T18:03:00+09:00,栃木シティ,高知ユナイテッドＳＣ,3,0,J3
2025-09-20T18:03:00+09:00,沼津,奈良クラブ,1,0,J3
2025-09-20T18:33:00+09:00,セレッソ大阪,柏レイソル,1,1,J1
2025-09-20T18:33:00+09:00,ヴァンフォーレ甲府,ブラウブリッツ秋田,1,1,J2
2025-09-20T18:35:00+09:00,ヴァンラーレ八戸,福島ユナイテッドＦＣ,1,0,J3
2025-09-20T19:03:00+09:00,京都サンガF.C.,清水エスパルス,0,1,J1
2025-09-20T19:03:00+09:00,横浜Ｆ・マリノス,アビスパ福岡,2,0,J1
2025-09-20T19:03:00+09:00,大分トリニータ,レノファ山口ＦＣ,1,0,J2
2025-09-20T19:03:00+09:00,ＲＢ大宮アルディージャ,ＦＣ今治,2,3,J2
2025-09-20T19:03:00+09:00,愛媛ＦＣ,ジェフユナイテッド千葉,0,1,J2
2025-09-20T19:03:00+09:00,徳島ヴォルティス,北海道コンサドーレ札幌,1,2,J2
2025-09-20T19:03:00+09:00,サガン鳥栖,ロアッソ熊本,4,2,J2
2025-09-20T19:03:00+09:00,鹿児島ユナイテッドＦＣ,テゲバジャーロ宮崎,2,0,J3
2025-09-20T19:03:00+09:00,ガイナーレ鳥取,ザスパ群馬,3,1,J3
2025-09-20T19:03:00+09:00,栃木ＳＣ,ＦＣ琉球,4,1,J3
2025-09-20T19:04:00+09:00,浦和レッズ,鹿島アントラーズ,0,1,J1
2025-09-20T19:04:00+09:00,川崎フロンターレ,ＦＣ東京,0,1,J1
2025-09-20T19:04:00+09:00,ＦＣ岐阜,ＡＣ長野パルセイロ,2,1,J3
2025-09-21T16:03:00+09:00,カマタマーレ讃岐,ＳＣ相模原,2,0,J3
2025-09-23T14:03:00+09:00,アルビレックス新潟,名古屋グランパス,0,0,J1
2025-09-23T18:03:00+09:00,清水エスパルス,浦和レッズ,0,0,J1
2025-09-23T18:03:00+09:00,ＦＣ東京,アビスパ福岡,1,0,J1
2025-09-23T18:03:00+09:00,ファジアーノ岡山,横浜ＦＣ,0,0,J1
2025-09-23T18:03:00+09:00,鹿島アントラーズ,セレッソ大阪,3,1,J1
2025-09-23T19:03:00+09:00,ガンバ大阪,横浜Ｆ・マリノス,3,1,J1
2025-09-23T19:03:00+09:00,京都サンガF.C.,ＦＣ町田ゼルビア,1,1,J1
2025-09-23T19:03:00+09:00,ヴィッセル神戸,東京ヴェルディ,4,0,J1
2025-09-23T19:03:00+09:00,柏レイソル,サンフレッチェ広島,0,0,J1
2025-09-23T19:03:00+09:00,湘南ベルマーレ,川崎フロンターレ,1,2,J1
2025-09-26T13:03:00+09:00,ヴァンラーレ八戸,鹿児島ユナイテッドＦＣ,1,0,J3
2025-09-27T14:04:00+09:00,北海道コンサドーレ札幌,ベガルタ仙台,0,3,J2
2025-09-27T16:03:00+09:00,ＦＣ町田ゼルビア,ファジアーノ岡山,1,0,J1
2025-09-27T17:03:00+09:00,ガンバ大阪,アルビレックス新潟,4,2,J1
2025-09-27T17:03:00+09:00,名古屋グランパス,鹿島アントラーズ,0,4,J1
2025-09-27T18:03:00+09:00,東京ヴェルディ,浦和レッズ,0,0,J1
2025-09-27T18:03:00+09:00,アビスパ福岡,サンフレッチェ広島,1,2,J1
2025-09-27T18:03:00+09:00,ジェフユナイテッド千葉,ロアッソ熊本,2,2,J2
2025-09-27T18:03:00+09:00,いわきＦＣ,ヴァンフォーレ甲府,2,3,J2
2025-09-27T18:03:00+09:00,モンテディオ山形,レノファ山口ＦＣ,2,1,J2
2025-09-27T18:03:00+09:00,ギラヴァンツ北九州,高知ユナイテッドＳＣ,0,2,J3
2025-09-27T18:03:00+09:00,栃木シティ,ガイナーレ鳥取,1,0,J3
2025-09-27T18:03:00+09:00,沼津,ＦＣ岐阜,1,2,J3
2025-09-27T18:03:00+09:00,奈良クラブ,ＦＣ大阪,1,1,J3
2025-09-27T18:06:00+09:00,ツエーゲン金沢,カマタマーレ讃岐,2,1,J3
2025-09-27T19:03:00+09:00,ヴィッセル神戸,清水エスパルス,2,1,J1
2025-09-27T19:03:00+09:00,大分トリニータ,愛媛ＦＣ,0,3,J2
2025-09-27T19:03:00+09:00,ＦＣ今治,サガン鳥栖,1,1,J2
2025-09-27T19:03:00+09:00,ジュビロ磐田,ＲＢ大宮アルディージャ,3,4,J2
2025-09-27T19:03:00+09:00,ザスパ群馬,ＳＣ相模原,1,1,J3
2025-09-27T19:04:00+09:00,テゲバジャーロ宮崎,ＦＣ琉球,4,2,J3
2025-09-28T13:03:00+09:00,松本山雅ＦＣ,栃木ＳＣ,1,1,J3
2025-09-28T13:03:00+09:00,福島ユナイテッドＦＣ,ＡＣ長野パルセイロ,1,4,J3
2025-09-28T13:04:00+09:00,ブラウブリッツ秋田,Ｖ・ファーレン長崎,0,0,J2
2025-09-28T14:03:00+09:00,水戸ホーリーホック,藤枝ＭＹＦＣ,2,0,J2
2025-09-28T15:03:00+09:00,カターレ富山,徳島ヴォルティス,1,3,J2
2025-09-28T17:03:00+09:00,横浜ＦＣ,湘南ベルマーレ,1,0,J1
2025-09-28T18:04:00+09:00,ＦＣ東京,横浜Ｆ・マリノス,2,3,J1
2025-09-28T18:33:00+09:00,セレッソ大阪,京都サンガF.C.,1,2,J1
2025-09-28T19:03:00+09:00,川崎フロンターレ,柏レイソル,4,4,J1
2025-10-03T19:03:00+09:00,湘南ベルマーレ,東京ヴェルディ,0,1,J1
2025-10-04T13:03:00+09:00,清水エスパルス,ＦＣ東京,1,1,J1
2025-10-04T13:33:00+09:00,名古屋グランパス,セレッソ大阪,2,1,J1
2025-10-04T14:03:00+09:00,アルビレックス新潟,ファジアーノ岡山,1,1,J1
2025-10-04T14:03:00+09:00,ジェフユナイテッド千葉,Ｖ・ファーレン長崎,0,2,J2
2025-10-04T14:03:00+09:00,藤枝ＭＹＦＣ,カターレ富山,0,1,J2
2025-10-04T14:03:00+09:00,ＡＣ長野パルセイロ,ツエーゲン金沢,1,3,J3
2025-10-04T14:03:00+09:00,ＦＣ岐阜,ザスパ群馬,2,1,J3
2025-10-04T14:05:00+09:00,北海道コンサドーレ札幌,モンテディオ山形,1,2,J2
2025-10-04T15:03:00+09:00,ベガルタ仙台,ＲＢ大宮アルディージャ,1,2,J2
2025-10-04T16:03:00+09:00,サンフレッチェ広島,ＦＣ町田ゼルビア,2,1,J1
2025-10-04T16:04:00+09:00,ヴァンフォーレ甲府,ジュビロ磐田,0,1,J2
2025-10-04T16:33:00+09:00,アビスパ福岡,横浜ＦＣ,1,0,J1
2025-10-04T17:03:00+09:00,浦和レッズ,ヴィッセル神戸,1,0,J1
2025-10-04T17:33:00+09:00,柏レイソル,横浜Ｆ・マリノス,1,0,J1
2025-10-04T18:03:00+09:00,ＳＣ相模原,ヴァンラーレ八戸,0,1,J3
2025-10-04T18:03:00+09:00,鹿児島ユナイテッドＦＣ,栃木シティ,0,3,J3
2025-10-04T18:04:00+09:00,ＦＣ琉球,奈良クラブ,0,2,J3
2025-10-04T19:03:00+09:00,京都サンガF.C.,川崎フロンターレ,1,1,J1
2025-10-05T13:03:00+09:00,福島ユナイテッドＦＣ,松本山雅ＦＣ,1,0,J3
2025-10-05T14:03:00+09:00,ブラウブリッツ秋田,大分トリニータ,0,0,J2
2025-10-05T14:03:00+09:00,レノファ山口ＦＣ,サガン鳥栖,1,2,J2
2025-10-05T14:03:00+09:00,カマタマーレ讃岐,テゲバジャーロ宮崎,1,5,J3
2025-10-05T14:03:00+09:00,高知ユナイテッドＳＣ,沼津,0,1,J3
2025-10-05T14:03:00+09:00,栃木ＳＣ,ギラヴァンツ北九州,0,1,J3
2025-10-05T14:03:00+09:00,ガイナーレ鳥取,ＦＣ大阪,1,2,J3
2025-10-05T14:05:00+09:00,徳島ヴォルティス,ＦＣ今治,1,0,J2
2025-10-05T15:03:00+09:00,鹿島アントラーズ,ガンバ大阪,0,0,J1
2025-10-05T15:03:00+09:00,ロアッソ熊本,いわきＦＣ,0,2,J2
2025-10-05T16:03:00+09:00,愛媛ＦＣ,水戸ホーリーホック,1,3,J2
2025-10-10T19:03:00+09:00,ＦＣ大阪,ＦＣ琉球,3,0,J3
2025-10-11T14:03:00+09:00,栃木シティ,奈良クラブ,3,0,J3
2025-10-11T14:03:00+09:00,ギラヴァンツ北九州,鹿児島ユナイテッドＦＣ,1,1,J3
2025-10-12T14:03:00+09:00,ザスパ群馬,ヴァンラーレ八戸,0,4,J3
2025-10-12T14:03:00+09:00,ガイナーレ鳥取,ＳＣ相模原,2,1,J3
2025-10-12T14:04:00+09:00,ツエーゲン金沢,沼津,3,1,J3
2025-10-12T14:04:00+09:00,栃木ＳＣ,福島ユナイテッドＦＣ,1,0,J3
2025-10-12T14:04:00+09:00,高知ユナイテッドＳＣ,ＦＣ岐阜,1,3,J3
2025-10-13T14:03:00+09:00,ＡＣ長野パルセイロ,カマタマーレ讃岐,1,0,J3
2025-10-15T19:04:00+09:00,ツエーゲン金沢,松本山雅ＦＣ,1,0,J3
2025-10-17T19:03:00+09:00,サンフレッチェ広島,ＦＣ東京,0,0,J1
2025-10-17T19:03:00+09:00,ヴィッセル神戸,鹿島アントラーズ,0,0,J1
2025-10-18T14:03:00+09:00,東京ヴェルディ,アルビレックス新潟,1,0,J1
2025-10-18T14:03:00+09:00,ガンバ大阪,柏レイソル,0,5,J1
2025-10-18T14:03:00+09:00,ＦＣ町田ゼルビア,アビスパ福岡,0,0,J1
2025-10-18T14:03:00+09:00,川崎フロンターレ,清水エスパルス,5,3,J1
2025-10-18T14:03:00+09:00,横浜ＦＣ,名古屋グランパス,2,2,J1
2025-10-18T14:03:00+09:00,ファジアーノ岡山,セレッソ大阪,1,2,J1
2025-10-18T14:03:00+09:00,横浜Ｆ・マリノス,浦和レッズ,4,0,J1
2025-10-18T14:03:00+09:00,サガン鳥栖,ブラウブリッツ秋田,1,0,J2
2025-10-18T14:03:00+09:00,いわきＦＣ,愛媛ＦＣ,2,1,J2
2025-10-18T14:03:00+09:00,ＲＢ大宮アルディージャ,藤枝ＭＹＦＣ,1,0,J2
2025-10-18T14:03:00+09:00,ザスパ群馬,福島ユナイテッドＦＣ,1,2,J3
2025-10-18T14:03:00+09:00,奈良クラブ,ＡＣ長野パルセイロ,2,0,J3
2025-10-18T15:02:00+09:00,鹿児島ユナイテッドＦＣ,ガイナーレ鳥取,3,1,J3
2025-10-18T17:03:00+09:00,ジュビロ磐田,徳島ヴォルティス,0,4,J2
2025-10-18T17:04:00+09:00,Ｖ・ファーレン長崎,ヴァンフォーレ甲府,4,0,J2
2025-10-18T18:03:00+09:00,ＦＣ琉球,高知ユナイテッドＳＣ,2,1,J3
2025-10-19T13:00:00+09:00,カターレ富山,北海道コンサドーレ札幌,0,2,J2
2025-10-19T13:03:00+09:00,ＦＣ今治,レノファ山口ＦＣ,1,1,J2
2025-10-19T13:03:00+09:00,ヴァンラーレ八戸,栃木ＳＣ,2,0,J3
2025-10-19T14:03:00+09:00,大分トリニータ,ベガルタ仙台,0,0,J2
2025-10-19T14:03:00+09:00,モンテディオ山形,ロアッソ熊本,1,1,J2
2025-10-19T14:03:00+09:00,カマタマーレ讃岐,ギラヴァンツ北九州,1,4,J3
2025-10-19T14:03:00+09:00,ツエーゲン金沢,ＦＣ岐阜,4,1,J3
2025-10-19T14:03:00+09:00,沼津,ＦＣ大阪,1,2,J3
2025-10-19T14:03:00+09:00,ＳＣ相模原,松本山雅ＦＣ,1,0,J3
2025-10-19T14:03:00+09:00,テゲバジャーロ宮崎,栃木シティ,1,1,J3
2025-10-19T15:03:00+09:00,湘南ベルマーレ,京都サンガF.C.,1,1,J1
2025-10-19T16:03:00+09:00,水戸ホーリーホック,ジェフユナイテッド千葉,0,1,J2
2025-10-24T19:03:00+09:00,ＦＣ大阪,栃木ＳＣ,0,1,J3
2025-10-25T14:03:00+09:00,柏レイソル,横浜ＦＣ,2,0,J1
2025-10-25T14:03:00+09:00,京都サンガF.C.,鹿島アントラーズ,1,1,J1
2025-10-25T14:03:00+09:00,清水エスパルス,東京ヴェルディ,1,0,J1
2025-10-25T14:03:00+09:00,横浜Ｆ・マリノス,サンフレッチェ広島,3,0,J1
2025-10-25T14:03:00+09:00,浦和レッズ,ＦＣ町田ゼルビア,0,0,J1
2025-10-25T14:03:00+09:00,藤枝ＭＹＦＣ,ヴァンフォーレ甲府,1,1,J2
2025-10-25T14:03:00+09:00,栃木シティ,ヴァンラーレ八戸,1,0,J3
2025-10-25T14:03:00+09:00,ギラヴァンツ北九州,ＦＣ琉球,2,1,J3
2025-10-25T14:03:00+09:00,ザスパ群馬,奈良クラブ,2,0,J3
2025-10-25T14:03:00+09:00,ＡＣ長野パルセイロ,沼津,2,1,J3
2025-10-25T14:03:00+09:00,ＦＣ岐阜,鹿児島ユナイテッドＦＣ,1,3,J3
2025-10-25T14:04:00+09:00,名古屋グランパス,ガンバ大阪,0,2,J1
2025-10-25T14:04:00+09:00,ＦＣ東京,ファジアーノ岡山,3,1,J1
2025-10-25T15:03:00+09:00,セレッソ大阪,川崎フロンターレ,2,0,J1
2025-10-25T17:03:00+09:00,Ｖ・ファーレン長崎,ＦＣ今治,1,1,J2
2025-10-26T13:01:00+09:00,モンテディオ山形,ＲＢ大宮アルディージャ,2,2,J2
2025-10-26T13:05:00+09:00,北海道コンサドーレ札幌,水戸ホーリーホック,0,1,J2
2025-10-26T13:10:00+09:00,徳島ヴォルティス,いわきＦＣ,0,1,J2
2025-10-26T14:03:00+09:00,アルビレックス新潟,ヴィッセル神戸,2,2,J1
2025-10-26T14:03:00+09:00,レノファ山口ＦＣ,カターレ富山,1,0,J2
2025-10-26T14:03:00+09:00,ロアッソ熊本,大分トリニータ,0,1,J2
2025-10-26T14:03:00+09:00,ブラウブリッツ秋田,ジェフユナイテッド千葉,0,0,J2
2025-10-26T14:03:00+09:00,ベガルタ仙台,サガン鳥栖,3,2,J2
2025-10-26T14:03:00+09:00,ガイナーレ鳥取,テゲバジャーロ宮崎,1,4,J3
2025-10-26T14:03:00+09:00,福島ユナイテッドＦＣ,ツエーゲン金沢,0,1,J3
2025-10-26T14:04:00+09:00,松本山雅ＦＣ,カマタマーレ讃岐,1,2,J3
2025-10-26T14:04:00+09:00,高知ユナイテッドＳＣ,ＳＣ相模原,0,1,J3
2025-10-26T14:43:00+09:00,アビスパ福岡,湘南ベルマーレ,1,0,J1
2025-10-26T16:03:00+09:00,愛媛ＦＣ,ジュビロ磐田,1,3,J2
2025-11-02T13:03:00+09:00,ツエーゲン金沢,ザスパ群馬,1,3,J3
2025-11-02T13:03:00+09:00,ヴァンラーレ八戸,ギラヴァンツ北九州,1,2,J3
2025-11-02T14:03:00+09:00,ロアッソ熊本,レノファ山口ＦＣ,0,1,J2
2025-11-02T14:03:00+09:00,ジュビロ磐田,Ｖ・ファーレン長崎,1,0,J2
2025-11-02T14:03:00+09:00,ＦＣ今治,ベガルタ仙台,3,2,J2
2025-11-02T14:03:00+09:00,ジェフユナイテッド千葉,北海道コンサドーレ札幌,5,2,J2
2025-11-02T14:03:00+09:00,いわきＦＣ,藤枝ＭＹＦＣ,3,1,J2
2025-11-02T14:03:00+09:00,ＲＢ大宮アルディージャ,ブラウブリッツ秋田,5,0,J2
2025-11-02T14:03:00+09:00,カターレ富山,愛媛ＦＣ,1,1,J2
2025-11-02T14:03:00+09:00,サガン鳥栖,徳島ヴォルティス,0,0,J2
2025-11-02T14:03:00+09:00,カマタマーレ讃岐,ガイナーレ鳥取,0,1,J3
2025-11-02T14:03:00+09:00,栃木ＳＣ,ＦＣ岐阜,1,2,J3
2025-11-02T14:03:00+09:00,テゲバジャーロ宮崎,奈良クラブ,2,2,J3
2025-11-02T14:03:00+09:00,鹿児島ユナイテッドＦＣ,松本山雅ＦＣ,3,2,J3
2025-11-02T14:03:00+09:00,沼津,ＳＣ相模原,0,0,J3
2025-11-02T14:03:00+09:00,福島ユナイテッドＦＣ,ＦＣ大阪,0,1,J3
2025-11-02T14:04:00+09:00,ヴァンフォーレ甲府,水戸ホーリーホック,0,1,J2
2025-11-02T14:33:00+09:00,大分トリニータ,モンテディオ山形,1,2,J2
2025-11-02T16:04:00+09:00,ＡＣ長野パルセイロ,高知ユナイテッドＳＣ,0,1,J3
2025-11-03T16:03:00+09:00,ＦＣ琉球,栃木シティ,2,2,J3
2025-11-05T19:33:00+09:00,松本山雅ＦＣ,テゲバジャーロ宮崎,1,2,J3
2025-11-08T14:03:00+09:00,鹿島アントラーズ,横浜ＦＣ,2,1,J1
2025-11-08T14:03:00+09:00,東京ヴェルディ,アビスパ福岡,0,0,J1
2025-11-08T14:03:00+09:00,奈良クラブ,ヴァンラーレ八戸,1,1,J3
2025-11-08T14:03:00+09:00,栃木シティ,カマタマーレ讃岐,3,1,J3
2025-11-08T14:05:00+09:00,北海道コンサドーレ札幌,大分トリニータ,3,1,J2
2025-11-08T14:33:00+09:00,愛媛ＦＣ,Ｖ・ファーレン長崎,0,4,J2
2025-11-08T15:03:00+09:00,川崎フロンターレ,ファジアーノ岡山,1,1,J1
2025-11-08T15:03:00+09:00,湘南ベルマーレ,アルビレックス新潟,5,2,J1
2025-11-08T16:03:00+09:00,柏レイソル,名古屋グランパス,1,0,J1
2025-11-09T13:01:00+09:00,サンフレッチェ広島,浦和レッズ,3,0,J1
2025-11-09T13:03:00+09:00,カターレ富山,サガン鳥栖,3,1,J2
2025-11-09T13:03:00+09:00,ベガルタ仙台,ロアッソ熊本,2,0,J2
2025-11-09T14:03:00+09:00,ＦＣ町田ゼルビア,ＦＣ東京,0,1,J1
2025-11-09T14:03:00+09:00,京都サンガF.C.,横浜Ｆ・マリノス,0,3,J1
2025-11-09T14:03:00+09:00,レノファ山口ＦＣ,ジュビロ磐田,1,2,J2
2025-11-09T14:03:00+09:00,ジェフユナイテッド千葉,藤枝ＭＹＦＣ,1,1,J2
2025-11-09T14:03:00+09:00,モンテディオ山形,ＦＣ今治,2,1,J2
2025-11-09T14:03:00+09:00,水戸ホーリーホック,ＲＢ大宮アルディージャ,0,2,J2
2025-11-09T14:03:00+09:00,徳島ヴォルティス,ヴァンフォーレ甲府,4,1,J2
2025-11-09T14:03:00+09:00,ブラウブリッツ秋田,いわきＦＣ,2,0,J2
2025-11-09T14:03:00+09:00,ＳＣ相模原,ツエーゲン金沢,1,0,J3
2025-11-09T14:03:00+09:00,テゲバジャーロ宮崎,ザスパ群馬,1,2,J3
2025-11-09T14:03:00+09:00,ギラヴァンツ北九州,福島ユナイテッドＦＣ,1,2,J3
2025-11-09T14:03:00+09:00,高知ユナイテッドＳＣ,松本山雅ＦＣ,0,1,J3
2025-11-09T14:04:00+09:00,栃木ＳＣ,鹿児島ユナイテッドＦＣ,2,0,J3
2025-11-09T15:03:00+09:00,ガンバ大阪,ヴィッセル神戸,1,1,J1
2025-11-09T15:03:00+09:00,清水エスパルス,セレッソ大阪,1,4,J1
2025-11-09T16:03:00+09:00,ＦＣ琉球,沼津,2,3,J3
2025-11-09T19:03:00+09:00,ＦＣ岐阜,ガイナーレ鳥取,2,4,J3
2025-11-10T15:03:00+09:00,ＦＣ大阪,ＡＣ長野パルセイロ,3,0,J3
2025-11-15T14:03:00+09:00,ＡＣ長野パルセイロ,テゲバジャーロ宮崎,0,1,J3
2025-11-15T14:03:00+09:00,ＦＣ岐阜,栃木シティ,2,0,J3
2025-11-15T14:03:00+09:00,高知ユナイテッドＳＣ,ヴァンラーレ八戸,0,0,J3
2025-11-16T14:03:00+09:00,ＳＣ相模原,ＦＣ琉球,4,1,J3
2025-11-16T14:03:00+09:00,松本山雅ＦＣ,ＦＣ大阪,1,1,J3
2025-11-16T14:03:00+09:00,沼津,ザスパ群馬,1,2,J3
2025-11-16T14:03:00+09:00,福島ユナイテッドＦＣ,奈良クラブ,2,1,J3
2025-11-16T14:03:00+09:00,ガイナーレ鳥取,ギラヴァンツ北九州,3,2,J3
2025-11-16T14:04:00+09:00,カマタマーレ讃岐,鹿児島ユナイテッドＦＣ,0,0,J3
2025-11-16T14:04:00+09:00,ツエーゲン金沢,栃木ＳＣ,2,0,J3
2025-11-23T13:03:00+09:00,大分トリニータ,ジェフユナイテッド千葉,0,1,J2
2025-11-23T13:03:00+09:00,鹿児島ユナイテッドＦＣ,ＦＣ琉球,1,1,J3
2025-11-23T13:03:00+09:00,ヴァンラーレ八戸,カマタマーレ讃岐,0,1,J3
2025-11-23T13:09:00+09:00,Ｖ・ファーレン長崎,水戸ホーリーホック,2,1,J2
2025-11-23T14:03:00+09:00,藤枝ＭＹＦＣ,サガン鳥栖,0,0,J2
2025-11-23T14:03:00+09:00,ジュビロ磐田,モンテディオ山形,2,2,J2
2025-11-23T14:03:00+09:00,ＦＣ今治,北海道コンサドーレ札幌,1,1,J2
2025-11-23T14:03:00+09:00,いわきＦＣ,レノファ山口ＦＣ,0,0,J2
2025-11-23T14:03:00+09:00,ブラウブリッツ秋田,ベガルタ仙台,0,0,J2
2025-11-23T14:03:00+09:00,ギラヴァンツ北九州,ツエーゲン金沢,2,1,J3
2025-11-23T14:03:00+09:00,ザスパ群馬,松本山雅ＦＣ,6,2,J3
2025-11-23T14:03:00+09:00,テゲバジャーロ宮崎,ＦＣ岐阜,2,1,J3
2025-11-23T14:03:00+09:00,栃木シティ,ＡＣ長野パルセイロ,3,0,J3
2025-11-23T14:03:00+09:00,栃木ＳＣ,ガイナーレ鳥取,2,1,J3
2025-11-23T14:03:00+09:00,沼津,福島ユナイテッドＦＣ,1,3,J3
2025-11-23T14:04:00+09:00,ＲＢ大宮アルディージャ,徳島ヴォルティス,1,2,J2
2025-11-23T14:04:00+09:00,ヴァンフォーレ甲府,カターレ富山,0,1,J2
2025-11-23T16:03:00+09:00,愛媛ＦＣ,ロアッソ熊本,1,1,J2
2025-11-24T14:03:00+09:00,ＦＣ大阪,高知ユナイテッドＳＣ,1,0,J3
2025-11-24T14:03:00+09:00,奈良クラブ,ＳＣ相模原,2,1,J3
2025-11-29T14:03:00+09:00,レノファ山口ＦＣ,ＲＢ大宮アルディージャ,3,2,J2
2025-11-29T14:03:00+09:00,北海道コンサドーレ札幌,愛媛ＦＣ,3,0,J2
2025-11-29T14:03:00+09:00,ロアッソ熊本,ヴァンフォーレ甲府,0,0,J2
2025-11-29T14:03:00+09:00,水戸ホーリーホック,大分トリニータ,2,0,J2
2025-11-29T14:03:00+09:00,カターレ富山,ブラウブリッツ秋田,4,1,J2
2025-11-29T14:03:00+09:00,モンテディオ山形,藤枝ＭＹＦＣ,2,1,J2
2025-11-29T14:04:00+09:00,ジェフユナイテッド千葉,ＦＣ今治,5,0,J2
2025-11-29T14:04:00+09:00,サガン鳥栖,ジュビロ磐田,1,2,J2
2025-11-29T14:04:00+09:00,ベガルタ仙台,いわきＦＣ,0,1,J2
2025-11-29T14:05:00+09:00,徳島ヴォルティス,Ｖ・ファーレン長崎,1,1,J2
2025-11-29T15:03:00+09:00,松本山雅ＦＣ,ギラヴァンツ北九州,2,1,J3
2025-11-29T15:03:00+09:00,ＦＣ岐阜,ＦＣ大阪,2,3,J3
2025-11-29T15:03:00+09:00,ＡＣ長野パルセイロ,栃木ＳＣ,0,4,J3
2025-11-29T15:03:00+09:00,福島ユナイテッドＦＣ,テゲバジャーロ宮崎,2,1,J3
2025-11-29T15:03:00+09:00,ＳＣ相模原,栃木シティ,0,5,J3
2025-11-29T15:03:00+09:00,ＦＣ琉球,ヴァンラーレ八戸,1,1,J3
2025-11-29T15:03:00+09:00,ガイナーレ鳥取,奈良クラブ,2,1,J3
2025-11-29T15:03:00+09:00,カマタマーレ讃岐,沼津,1,0,J3
2025-11-29T15:03:00+09:00,高知ユナイテッドＳＣ,ザスパ群馬,0,1,J3
2025-11-29T15:05:00+09:00,ツエーゲン金沢,鹿児島ユナイテッドＦＣ,4,2,J3
2025-11-30T14:02:00+09:00,ヴィッセル神戸,ＦＣ東京,0,0,J1
2025-11-30T14:03:00+09:00,ファジアーノ岡山,浦和レッズ,0,1,J1
2025-11-30T14:03:00+09:00,横浜ＦＣ,京都サンガF.C.,0,1,J1
2025-11-30T14:03:00+09:00,アルビレックス新潟,柏レイソル,1,3,J1
2025-11-30T14:03:00+09:00,湘南ベルマーレ,清水エスパルス,1,0,J1
2025-11-30T14:03:00+09:00,川崎フロンターレ,サンフレッチェ広島,1,2,J1
2025-11-30T14:03:00+09:00,ＦＣ町田ゼルビア,名古屋グランパス,3,1,J1
2025-11-30T14:03:00+09:00,アビスパ福岡,ガンバ大阪,1,0,J1
2025-11-30T14:04:00+09:00,横浜Ｆ・マリノス,セレッソ大阪,3,1,J1
2025-11-30T14:05:00+09:00,東京ヴェルディ,鹿島アントラーズ,0,1,J1
2025-12-06T14:03:00+09:00,サンフレッチェ広島,湘南ベルマーレ,2,1,J1
2025-12-06T14:03:00+09:00,ＦＣ東京,アルビレックス新潟,1,1,J1
2025-12-06T14:03:00+09:00,ガンバ大阪,東京ヴェルディ,4,1,J1
2025-12-06T14:03:00+09:00,セレッソ大阪,横浜ＦＣ,1,3,J1
2025-12-06T14:03:00+09:00,京都サンガF.C.,ヴィッセル神戸,2,0,J1
2025-12-06T14:03:00+09:00,鹿島アントラーズ,横浜Ｆ・マリノス,2,1,J1
2025-12-06T14:03:00+09:00,清水エスパルス,ファジアーノ岡山,1,2,J1
2025-12-06T14:03:00+09:00,名古屋グランパス,アビスパ福岡,1,0,J1
2025-12-06T14:04:00+09:00,浦和レッズ,川崎フロンターレ,4,0,J1
2025-12-06T14:05:00+09:00,柏レイソル,ＦＣ町田ゼルビア,1,0,J1
